node_id,  x,  y,  z,  neighbor_id,  flow,  pressure drop
      0,  906.00, 3977.00,  705.00,           62,    1.306555,     35.5527
      1,  898.00, 4006.00,  711.00,          186,    1.342782,     35.2698
      2,  890.00, 3971.00,  712.00,          184,    0.146315,     33.7784
      3,  923.00, 3975.00,  716.00,          145,    0.912496,     34.2065
      4,  959.00, 3942.00,  750.00,          555,    1.165745,     32.7443
      5,  916.00, 3915.00,  700.00,           50,    0.431802,     32.5984
      5,  916.00, 3915.00,  700.00,           81,   -0.431802,     32.5984
      6,  922.00, 3928.00,  700.00,           55,    2.250653,     33.8625
      7,  924.00, 3944.00,  700.00,           20,    0.244146,     32.6406
      7,  924.00, 3944.00,  700.00,           21,    0.128350,     32.6406
      7,  924.00, 3944.00,  700.00,           22,   -0.372489,     32.6406
      8,  973.00, 3946.00,  700.00,           86,   -0.062520,     32.6546
      8,  973.00, 3946.00,  700.00,           41,    0.062519,     32.6546
      9,  895.00, 3970.00,  700.00,           73,    2.176573,     33.9909
     10,  952.00, 3973.00,  700.00,           36,    0.108952,     33.0881
     10,  952.00, 3973.00,  700.00,           35,   -0.108950,     33.0881
     11,  974.00, 3973.00,  700.00,           74,   -1.417702,     33.7944
     11,  974.00, 3973.00,  700.00,           44,    1.417702,     33.7944
     12,  965.00, 3986.00,  700.00,           38,    0.965278,     33.8347
     12,  965.00, 3986.00,  700.00,          110,   -0.965278,     33.8347
     13,  948.00, 3999.00,  700.00,           79,   16.548350,     35.1837
     13,  948.00, 3999.00,  700.00,           14,  -16.548352,     35.1837
     14,  949.33, 4002.33,  700.00,           49,  -16.548348,     35.4052
     15,  922.00, 4006.00,  700.00,           64,   -0.000002,     33.9647
     15,  922.00, 4006.00,  700.00,           48,   -0.000000,     33.9647
     16,  922.00, 3911.00,  701.00,           91,    1.820395,     33.5447
     17,  954.00, 3919.00,  701.00,           52,   -0.643981,     34.6525
     17,  954.00, 3919.00,  701.00,           32,    0.643982,     34.6525
     18,  941.00, 3921.00,  701.00,           53,    7.759475,     35.0292
     19,  951.00, 3936.00,  701.00,          152,    0.607698,     33.9607
     19,  951.00, 3936.00,  701.00,           56,   -0.607698,     33.9607
     20,  925.33, 3939.33,  700.33,          124,    0.244142,     32.6362
     22,  927.00, 3953.75,  700.25,           33,   -0.056263,     32.6855
     22,  927.00, 3953.75,  700.25,           68,   -0.316225,     32.6855
     23,  946.00, 3974.00,  701.00,          120,    1.148302,     33.0685
     23,  946.00, 3974.00,  701.00,           36,   -1.148304,     33.0685
     24,  924.33, 3974.67,  700.33,           61,    1.777896,     34.0189
     25,  913.00, 3979.67,  700.67,           45,    1.614431,     35.1679
     26,  933.33, 3982.67,  700.67,           46,   -0.118535,     33.7644
     26,  933.33, 3982.67,  700.67,           75,    0.118535,     33.7644
     27,  894.67, 3989.33,  700.33,           47,    0.563193,     32.6608
     27,  894.67, 3989.33,  700.33,          109,   -0.563193,     32.6608
     28,  957.38, 3987.38,  700.25,          207,    0.719397,     33.4951
     28,  957.38, 3987.38,  700.25,          134,   -1.693092,     33.4951
     28,  957.38, 3987.38,  700.25,          133,    1.828152,     33.4951
     28,  957.38, 3987.38,  700.25,           38,   -0.854457,     33.4951
     29,  909.00, 3998.00,  701.00,           90,    6.130325,     34.8563
     30,  938.00, 4003.00,  701.00,           79,   -5.297569,     34.1924
     30,  938.00, 4003.00,  701.00,           80,    5.297567,     34.1924
     31,  889.67, 3921.67,  701.67,           54,   -1.482785,     33.3010
     31,  889.67, 3921.67,  701.67,          102,    1.482783,     33.3010
     32,  951.00, 3926.50,  701.50,           56,    3.126032,     34.3414
     32,  951.00, 3926.50,  701.50,           53,   -2.482052,     34.3414
     33,  917.00, 3953.00,  702.00,           85,    0.055804,     32.7196
     33,  917.00, 3953.00,  702.00,           87,   -0.112066,     32.7196
     34,  892.00, 3955.00,  702.00,           58,    0.217954,     32.7259
     34,  892.00, 3955.00,  702.00,           95,   -0.217955,     32.7259
     35,  956.67, 3973.67,  701.33,          108,   -0.108946,     33.0900
     36,  950.00, 3975.00,  702.00,          133,   -1.039350,     33.0866
     37,  964.00, 3980.00,  702.00,           38,    0.797425,     33.8088
     37,  964.00, 3980.00,  702.00,           76,   -0.797423,     33.8088
     38,  962.25, 3984.25,  701.25,          132,    0.908244,     33.7950
     39,  911.00, 3934.00,  703.00,           40,    0.168516,     32.6282
     39,  911.00, 3934.00,  703.00,           83,   -0.168519,     32.6282
     40,  910.00, 3937.00,  703.00,          104,    0.042967,     32.6219
     40,  910.00, 3937.00,  703.00,           94,    0.125552,     32.6219
     41,  976.00, 3942.00,  703.00,          125,    0.062519,     32.6503
     42,  899.50, 3950.00,  702.50,           58,    0.348324,     32.7284
     42,  899.50, 3950.00,  702.50,           88,   -0.348322,     32.7284
     43,  959.33, 3963.67,  702.67,           69,   -0.060270,     32.6714
     43,  959.33, 3963.67,  702.67,          128,    0.060271,     32.6714
     44,  969.00, 3966.00,  703.00,           71,    1.417705,     33.0234
     45,  912.00, 3982.00,  703.00,           62,    0.242981,     34.8358
     45,  912.00, 3982.00,  703.00,          145,    1.371451,     34.8358
     46,  939.00, 3984.00,  703.00,           77,   -0.118534,     33.7732
     47,  887.67, 4001.33,  703.00,          111,    1.415022,     32.5669
     47,  887.67, 4001.33,  703.00,           65,   -0.851824,     32.5669
     48,  918.67, 4006.67,  702.33,           64,   -0.000000,     33.9647
     50,  908.33, 3915.33,  703.33,           92,    0.513985,     32.5558
     50,  908.33, 3915.33,  703.33,           83,   -0.082182,     32.5558
     51,  959.00, 3915.00,  704.00,          158,    1.634446,     34.4172
     51,  959.00, 3915.00,  704.00,           52,   -1.634446,     34.4172
     52,  958.50, 3917.50,  704.00,          138,   -2.278426,     34.6660
     53,  944.00, 3920.00,  704.00,          137,    5.277425,     34.6304
     55,  926.67, 3925.33,  703.67,           84,    0.251393,     32.9881
     55,  926.67, 3925.33,  703.67,           82,    1.999257,     32.9881
     56,  951.00, 3929.33,  703.33,          150,    2.518337,     34.2171
     57,  940.00, 3935.00,  704.00,          150,   -1.530199,     32.9026
     57,  940.00, 3935.00,  704.00,           84,    1.530198,     32.9026
     58,  896.67, 3952.67,  703.33,          127,    0.566274,     32.7121
     59,  923.00, 3961.00,  704.00,          105,    0.035446,     32.8240
     59,  923.00, 3961.00,  704.00,           60,   -0.035449,     32.8240
     60,  918.67, 3965.33,  704.00,           70,   -0.035449,     32.8370
     61,  926.67, 3974.67,  703.67,           75,    0.171347,     33.5870
     61,  926.67, 3974.67,  703.67,           97,    1.606549,     33.5870
     62,  912.00, 3984.00,  704.00,           63,    1.549535,     34.8294
     63,  916.00, 3990.00,  704.00,           90,    1.549534,     34.6976
     64,  924.67, 4002.17,  703.17,          113,    0.000002,     33.9647
     65,  888.00, 4005.00,  704.00,          229,   -0.851821,     32.5790
     66,  931.67, 3912.67,  704.33,          197,    5.513558,     33.8625
     67,  879.33, 3954.67,  704.33,           89,    3.668074,     34.0287
     68,  927.00, 3954.33,  704.33,          105,   -0.321785,     32.7008
     68,  927.00, 3954.33,  704.33,           85,    0.005561,     32.7008
     69,  964.00, 3959.00,  705.00,          191,   -0.023225,     32.6764
     69,  964.00, 3959.00,  705.00,           86,   -0.037045,     32.6764
     70,  908.50, 3964.50,  704.50,          106,   -0.772982,     32.8586
     70,  908.50, 3964.50,  704.50,           88,    0.737529,     32.8586
     71,  969.00, 3965.00,  705.00,          192,    1.417702,     32.9860
     72,  886.00, 3970.00,  705.00,          107,    1.995203,     33.4190
     72,  886.00, 3970.00,  705.00,           89,   -1.995203,     33.4190
     73,  896.00, 3974.00,  705.00,           98,    1.475234,     33.1488
     73,  896.00, 3974.00,  705.00,          109,    0.701339,     33.1488
     74,  971.50, 3975.50,  704.50,          274,    0.813052,     33.8901
     74,  971.50, 3975.50,  704.50,           76,    2.113593,     33.8901
     74,  971.50, 3975.50,  704.50,           99,   -4.344346,     33.8901
     75,  929.67, 3977.33,  704.33,          131,    0.289883,     32.9218
     76,  966.33, 3978.67,  704.33,          132,    1.316168,     33.8423
     77,  937.00, 3987.00,  705.00,          147,   -0.849320,     33.7750
     77,  937.00, 3987.00,  705.00,          122,    0.730787,     33.7750
     78,  974.67, 3989.33,  704.67,          110,   20.254870,     35.4210
     79,  945.67, 3996.67,  704.33,          112,   11.250776,     34.8475
     80,  936.00, 4006.00,  705.00,          113,    5.297564,     34.0860
     81,  920.33, 3918.33,  705.67,          100,    0.808071,     32.8013
     81,  920.33, 3918.33,  705.67,           82,   -1.239874,     32.8013
     82,  926.00, 3923.00,  706.00,          115,   -0.896908,     32.9088
     82,  926.00, 3923.00,  706.00,          116,    1.656293,     32.9088
     83,  913.00, 3931.00,  705.00,          116,   -0.250704,     32.6364
     84,  934.33, 3935.33,  705.33,          124,    1.781591,     32.7974
     85,  921.00, 3950.00,  706.00,          126,    0.061365,     32.6983
     86,  967.00, 3952.00,  706.00,          142,   -0.099564,     32.6934
     87,  913.50, 3953.50,  705.50,          126,    0.277142,     32.7529
     87,  913.50, 3953.50,  705.50,           88,   -0.389206,     32.7529
     89,  885.00, 3963.00,  706.00,           95,    1.672872,     33.5870
     90,  913.00, 3993.00,  706.00,          186,    7.679857,     34.6705
     91,  922.00, 3910.00,  707.00,          100,    1.820395,     32.8836
     92,  905.67, 3914.67,  706.33,          101,    0.878481,     32.5311
     92,  905.67, 3914.67,  706.33,          136,   -0.364496,     32.5311
     93,  931.00, 3922.00,  707.00,          115,    1.491993,     33.3453
     93,  931.00, 3922.00,  707.00,          137,   -1.491992,     33.3453
     94,  910.00, 3940.00,  707.00,          175,    0.493154,     32.5845
     94,  910.00, 3940.00,  707.00,          104,   -0.367601,     32.5845
     95,  890.00, 3957.00,  707.00,          154,    1.454917,     32.8007
     96,  900.00, 3968.00,  707.00,          127,    0.993151,     32.7186
     96,  900.00, 3968.00,  707.00,           98,   -0.468503,     32.7186
     96,  900.00, 3968.00,  707.00,          106,   -0.524649,     32.7186
     97,  929.50, 3969.50,  706.50,          130,    1.388489,     32.9597
     97,  929.50, 3969.50,  706.50,          119,    0.218060,     32.9597
     98,  898.00, 3972.00,  707.00,          248,    1.006730,     32.8437
     99,  977.00, 3978.00,  707.00,          121,   -4.344343,     34.2251
    100,  917.67, 3914.33,  708.00,          136,    2.628468,     32.7504
    101,  896.33, 3917.33,  708.00,          102,   -0.868485,     32.4291
    101,  896.33, 3917.33,  708.00,          123,    1.746966,     32.4291
    102,  894.00, 3926.00,  708.00,          151,    0.614297,     32.5211
    103,  963.00, 3934.00,  708.00,          201,    5.679396,     34.6704
    103,  963.00, 3934.00,  708.00,          138,   -5.679397,     34.6704
    104,  914.25, 3941.00,  707.25,          117,   -0.307285,     32.6034
    104,  914.25, 3941.00,  707.25,          223,   -0.017350,     32.6034
    105,  924.50, 3959.50,  707.00,          119,   -0.523200,     32.8225
    105,  924.50, 3959.50,  707.00,          126,    0.236861,     32.8225
    106,  906.00, 3968.00,  708.00,          166,   -1.297627,     32.9091
    107,  882.00, 3974.00,  708.00,          212,    1.304572,     32.6563
    107,  882.00, 3974.00,  708.00,          111,    0.690630,     32.6563
    108,  960.33, 3975.67,  707.67,          192,    2.886461,     33.1394
    108,  960.33, 3975.67,  707.67,          132,   -2.995403,     33.1394
    109,  893.67, 3983.67,  707.33,          184,    0.138145,     32.7210
    110,  972.00, 3987.00,  707.00,          121,    4.344347,     34.4081
    110,  972.00, 3987.00,  707.00,          156,   14.945244,     34.4081
    111,  880.67, 3992.67,  707.33,          169,    2.105648,     32.5038
    112,  948.00, 3996.00,  708.00,          148,    7.385543,     34.2641
    112,  948.00, 3996.00,  708.00,          170,    3.865235,     34.2641
    113,  932.33, 4001.67,  707.33,          147,    5.297567,     33.9647
    114,  910.00, 4004.00,  708.00,          186,    7.577533,     34.7483
    115,  928.67, 3922.00,  708.33,          199,    0.595085,     33.1059
    116,  915.50, 3931.50,  708.50,          160,    1.147779,     32.6405
    116,  915.50, 3931.50,  708.50,          117,    0.257807,     32.6405
    117,  917.33, 3938.67,  708.33,          124,    0.063285,     32.6180
    117,  917.33, 3938.67,  708.33,          200,   -0.112764,     32.6180
    118,  937.67, 3945.67,  708.33,          139,    3.281967,     33.9791
    119,  929.00, 3962.00,  709.00,          129,   -0.080223,     32.8565
    119,  929.00, 3962.00,  709.00,          203,   -0.224916,     32.8565
    120,  939.33, 3968.67,  709.00,          130,    0.987935,     32.9101
    120,  939.33, 3968.67,  709.00,          129,    0.160364,     32.9101
    122,  945.00, 3986.00,  709.00,          133,    2.190320,     33.3824
    122,  945.00, 3986.00,  709.00,          170,   -1.459533,     33.3824
    123,  891.33, 3912.33,  709.33,          173,    1.746965,     32.2809
    124,  927.00, 3938.75,  709.00,          259,    2.089018,     32.6107
    125,  975.00, 3946.00,  710.00,          222,    0.037607,     32.6200
    125,  975.00, 3946.00,  710.00,          176,    0.024911,     32.6200
    126,  916.33, 3953.33,  709.33,          165,    0.575368,     32.6740
    127,  899.00, 3962.00,  710.00,          224,    1.559425,     32.3165
    128,  956.33, 3964.67,  709.67,          155,   -0.329809,     32.6438
    128,  956.33, 3964.67,  709.67,          181,    0.390079,     32.6438
    129,  939.00, 3966.00,  710.00,          179,    0.080138,     32.9083
    130,  935.00, 3972.00,  710.00,          131,    2.376421,     32.8453
    131,  933.00, 3976.00,  710.00,          182,    2.666304,     32.8057
    132,  961.00, 3979.00,  709.25,          185,   -0.770991,     33.2717
    133,  949.25, 3980.00,  709.00,          181,    0.965258,     33.1925
    133,  949.25, 3980.00,  709.00,          167,    2.013865,     33.1925
    134,  964.00, 3994.00,  710.00,          208,    1.229268,     33.7650
    134,  964.00, 3994.00,  710.00,          156,   -4.049016,     33.7650
    134,  964.00, 3994.00,  710.00,          157,    1.126654,     33.7650
    135,  968.33, 4007.00,  709.67,          195,    0.985557,     34.5954
    136,  912.33, 3913.00,  710.33,          188,    2.263969,     32.5653
    137,  938.00, 3924.00,  710.00,          161,    0.594317,     34.0466
    137,  938.00, 3924.00,  710.00,          159,    3.191116,     34.0466
    138,  969.00, 3931.00,  711.00,          162,   -7.957822,     35.1625
    139,  937.00, 3945.00,  711.00,          258,    0.750136,     33.8696
    139,  937.00, 3945.00,  711.00,          164,    2.531827,     33.8696
    140,  960.00, 3947.00,  711.00,          177,   -1.691063,     32.8112
    140,  960.00, 3947.00,  711.00,          142,    1.337819,     32.8112
    140,  960.00, 3947.00,  711.00,          202,    0.353247,     32.8112
    141,  948.33, 3947.67,  711.00,          143,    2.364444,     33.3461
    141,  948.33, 3947.67,  711.00,          152,   -6.856616,     33.3461
    141,  948.33, 3947.67,  711.00,          153,    4.492171,     33.3461
    142,  964.67, 3949.67,  710.33,          178,    1.238257,     32.7257
    143,  941.00, 3954.00,  711.00,          164,   -0.028373,     33.0760
    143,  941.00, 3954.00,  711.00,          144,    2.392819,     33.0760
    144,  942.33, 3957.67,  710.67,          155,    1.406612,     32.9654
    144,  942.33, 3957.67,  710.67,          179,    0.986205,     32.9654
    145,  917.75, 3973.75,  710.75,          211,    2.172219,     33.7964
    145,  917.75, 3973.75,  710.75,          180,    0.111729,     33.7964
    146,  957.00, 3992.00,  711.00,          149,   -0.927079,     33.4946
    146,  957.00, 3992.00,  711.00,          157,   -0.712088,     33.4946
    146,  957.00, 3992.00,  711.00,          185,    1.639165,     33.4946
    147,  931.00, 3995.00,  711.00,          171,    4.448248,     33.8120
    148,  949.00, 3998.00,  711.00,          172,    5.265288,     33.9382
    148,  949.00, 3998.00,  711.00,          194,    2.120254,     33.9382
    149,  956.33, 3997.67,  710.67,          172,   -0.512517,     33.5571
    149,  956.33, 3997.67,  710.67,          157,   -0.414565,     33.5571
    150,  947.30, 3928.20,  710.30,          161,    2.376968,     33.9804
    150,  947.30, 3928.20,  710.30,          198,   -1.388830,     33.9804
    151,  896.00, 3935.00,  712.00,          204,    0.849698,     32.4483
    151,  896.00, 3935.00,  712.00,          163,   -0.235401,     32.4483
    152,  947.00, 3942.33,  711.67,          201,   -6.248916,     33.4879
    153,  955.00, 3948.00,  712.00,          177,    4.492169,     32.9885
    154,  890.33, 3953.67,  711.33,          190,    1.454917,     32.3251
    155,  954.67, 3959.33,  711.33,          210,    1.076801,     32.7587
    156,  969.75, 3989.75,  711.00,          206,   10.689810,     34.1097
    156,  969.75, 3989.75,  711.00,          195,    0.206426,     34.1097
    158,  962.67, 3909.33,  712.00,          174,    0.894230,     34.2155
    158,  962.67, 3909.33,  712.00,          269,    0.740217,     34.2155
    159,  936.00, 3921.00,  713.00,          197,    2.250431,     33.8701
    159,  936.00, 3921.00,  713.00,          219,    0.940684,     33.8701
    160,  914.00, 3927.00,  713.00,          163,    2.509540,     32.6125
    160,  914.00, 3927.00,  713.00,          200,   -1.361759,     32.6125
    161,  941.33, 3929.67,  712.33,          220,    2.971287,     33.7990
    163,  899.00, 3934.00,  713.00,          175,    2.274140,     32.4575
    164,  933.67, 3948.67,  712.67,          203,    2.503455,     33.0791
    165,  914.67, 3955.33,  712.67,          189,    0.564925,     32.5287
    165,  914.67, 3955.33,  712.67,          211,    0.010442,     32.5287
    166,  909.33, 3972.33,  712.33,          180,   -0.024608,     33.0158
    166,  909.33, 3972.33,  712.33,          183,   -1.273016,     33.0158
    167,  950.00, 3981.00,  713.00,          168,   -0.670762,     33.0930
    167,  950.00, 3981.00,  713.00,          252,    2.684626,     33.0930
    168,  954.00, 3984.00,  713.00,          193,   -0.779195,     33.1325
    168,  954.00, 3984.00,  713.00,          185,   -4.061303,     33.1325
    168,  954.00, 3984.00,  713.00,          320,    4.169738,     33.1325
    169,  880.00, 3989.67,  712.33,          275,    1.468714,     32.4577
    169,  880.00, 3989.67,  712.33,          277,    0.636933,     32.4577
    170,  947.00, 3990.00,  713.00,          193,    2.405703,     33.9052
    171,  930.00, 3997.00,  713.00,          228,    3.753496,     33.7622
    171,  930.00, 3997.00,  713.00,          196,    0.694745,     33.7622
    172,  954.00, 4000.00,  713.00,          207,    4.752776,     33.5815
    173,  891.00, 3909.00,  714.00,          305,    1.746965,     32.1626
    174,  960.67, 3912.33,  714.00,          217,    1.040422,     34.1720
    174,  960.67, 3912.33,  714.00,          215,   -0.146193,     34.1720
    175,  903.50, 3937.50,  713.50,          209,    1.676433,     32.3040
    175,  903.50, 3937.50,  713.50,          239,    1.090860,     32.3040
    176,  976.00, 3944.00,  714.00,          222,    0.024912,     32.6132
    177,  957.00, 3948.00,  714.00,          234,    2.801104,     32.8387
    178,  966.67, 3947.67,  713.67,          202,    0.340547,     32.6619
    178,  966.67, 3947.67,  713.67,          222,    0.897710,     32.6619
    179,  942.00, 3962.33,  713.33,          235,    1.066344,     32.9029
    180,  912.33, 3969.67,  713.33,          263,    0.087120,     33.0219
    181,  949.67, 3970.67,  713.33,          247,    1.355334,     32.5992
    182,  931.00, 3975.00,  714.00,          288,    0.182941,     32.6616
    182,  931.00, 3975.00,  714.00,          300,    2.483361,     32.6616
    183,  909.00, 3976.00,  714.00,          289,    0.095146,     33.0765
    183,  909.00, 3976.00,  714.00,          227,   -1.368163,     33.0765
    184,  892.00, 3978.67,  713.33,          225,    0.284460,     32.6551
    185,  958.25, 3984.25,  713.25,          226,   -3.193129,     33.3367
    186,  910.57, 3996.71,  711.71,          279,    9.882734,     34.0155
    186,  910.57, 3996.71,  711.71,          237,    1.549914,     34.0155
    186,  910.57, 3996.71,  711.71,          227,    5.167521,     34.0155
    187,  950.33, 3908.33,  713.50,          215,   31.425850,     34.5919
    188,  914.00, 3912.00,  715.00,          199,   -2.071907,     32.4303
    188,  914.00, 3912.00,  715.00,          256,    4.335878,     32.4303
    189,  905.00, 3953.00,  715.00,          209,    0.170446,     32.1843
    189,  905.00, 3953.00,  715.00,          262,    0.394479,     32.1843
    190,  892.00, 3954.00,  715.00,          236,    1.971363,     32.2558
    190,  892.00, 3954.00,  715.00,          204,   -0.516449,     32.2558
    191,  964.00, 3958.00,  715.00,          205,    0.804287,     32.6903
    191,  964.00, 3958.00,  715.00,          245,   -0.827513,     32.6903
    192,  964.67, 3969.50,  714.17,          274,   -0.507069,     32.8005
    192,  964.67, 3969.50,  714.17,          287,    4.381766,     32.8005
    192,  964.67, 3969.50,  714.17,          245,    0.429469,     32.8005
    193,  949.00, 3989.00,  715.00,          254,    1.626508,     33.4743
    194,  945.25, 3999.00,  714.50,          214,    2.120270,     33.8075
    195,  976.25, 4000.50,  713.50,          255,    1.191982,     33.9519
    196,  925.25, 4004.00,  713.75,          238,    0.694745,     33.4100
    197,  935.00, 3912.33,  715.00,          304,    3.738736,     33.6325
    197,  935.00, 3912.33,  715.00,          230,    4.025255,     33.6325
    198,  948.00, 3921.00,  716.00,          215,   -4.619528,     34.1313
    198,  948.00, 3921.00,  716.00,          257,    3.230696,     34.1313
    199,  920.67, 3921.33,  716.00,          218,   -1.476822,     32.7116
    200,  917.00, 3930.00,  716.00,          218,   -1.474525,     32.6959
    201,  949.75, 3937.25,  715.00,          220,    0.658981,     33.6434
    201,  949.75, 3937.25,  715.00,          257,   -1.228503,     33.6434
    202,  965.00, 3943.00,  716.00,          232,    0.693797,     32.6399
    203,  931.00, 3951.00,  716.00,          223,    2.278539,     33.0337
    204,  893.00, 3952.00,  716.00,          209,    0.333249,     32.2707
    205,  962.00, 3956.00,  716.00,          210,   -0.203730,     32.6619
    205,  962.00, 3956.00,  716.00,          233,    1.008018,     32.6619
    206,  970.00, 3987.67,  715.67,          278,    0.851208,     33.9057
    206,  970.00, 3987.67,  715.67,          226,    9.838598,     33.9057
    207,  958.00, 4001.00,  715.00,          208,   -1.229268,     33.3247
    207,  958.00, 4001.00,  715.00,          364,    6.701442,     33.3247
    209,  899.75, 3946.75,  716.00,          261,    2.180131,     32.1006
    210,  957.50, 3956.00,  716.50,          234,   -0.336941,     32.6727
    210,  957.50, 3956.00,  716.50,          264,    1.210017,     32.6727
    211,  922.00, 3966.00,  717.00,          272,    2.182660,     32.3926
    212,  880.20, 3965.80,  715.40,          265,    1.304572,     32.4842
    213,  890.33, 3989.67,  716.33,          237,   -0.215205,     32.6170
    213,  890.33, 3989.67,  716.33,          229,   -0.653561,     32.6170
    213,  890.33, 3989.67,  716.33,          225,    0.868767,     32.6170
    214,  941.50, 3996.75,  716.25,          228,    2.120249,     33.8002
    215,  950.86, 3914.00,  717.29,          217,    0.325070,     34.2634
    215,  950.86, 3914.00,  717.29,          306,   23.768821,     34.2634
    215,  950.86, 3914.00,  717.29,          216,    2.566243,     34.2634
    216,  954.33, 3919.33,  717.33,          217,    2.566235,     34.0709
    217,  958.71, 3921.57,  716.71,          307,    0.864555,     34.0514
    217,  958.71, 3921.57,  716.71,          282,    3.067175,     34.0514
    218,  921.00, 3926.00,  718.00,          231,   -2.951348,     32.8002
    219,  932.00, 3930.00,  718.00,          231,    3.949760,     33.2498
    219,  932.00, 3930.00,  718.00,          220,   -3.009077,     33.2498
    220,  939.50, 3934.33,  717.00,          258,    0.621192,     33.5592
    221,  879.00, 3945.00,  718.00,          297,    4.009637,     32.3733
    222,  971.12, 3950.25,  716.25,          240,    0.850281,     32.6009
    222,  971.12, 3950.25,  716.25,          233,    0.109946,     32.6009
    223,  928.00, 3951.00,  718.00,          270,    2.261189,     32.9368
    224,  894.00, 3965.00,  717.00,          236,    1.156844,     32.1490
    224,  894.00, 3965.00,  717.00,          248,    0.112517,     32.1490
    224,  894.00, 3965.00,  717.00,          246,    0.290065,     32.1490
    225,  890.00, 3983.00,  717.50,          251,    0.565145,     32.5476
    225,  890.00, 3983.00,  717.50,          249,    0.588083,     32.5476
    226,  967.00, 3984.00,  718.00,          253,    6.645472,     33.7118
    227,  918.29, 3991.00,  716.43,          268,    1.730666,     33.3639
    227,  918.29, 3991.00,  716.43,          238,    2.068693,     33.3639
    228,  931.00, 3998.00,  718.00,          363,    5.873744,     33.5322
    229,  891.50, 4003.00,  717.50,          293,    1.765081,     32.7205
    229,  891.50, 4003.00,  717.50,          292,   -3.270460,     32.7205
    230,  935.00, 3914.33,  718.33,          368,    2.903288,     33.6086
    230,  935.00, 3914.33,  718.33,          325,    1.121974,     33.6086
    231,  928.67, 3929.00,  718.33,          309,    0.998412,     33.0870
    232,  966.33, 3941.67,  718.67,          337,    0.426657,     32.6132
    232,  966.33, 3941.67,  718.67,          310,    0.267140,     32.6132
    233,  966.00, 3953.00,  719.00,          360,    1.117966,     32.5926
    234,  955.00, 3954.00,  719.00,          380,    2.464163,     32.7545
    235,  942.33, 3957.67,  718.67,          285,    0.873563,     32.4515
    235,  942.33, 3957.67,  718.67,          241,    0.192783,     32.4515
    236,  895.00, 3960.00,  719.00,          284,    0.195183,     32.0742
    236,  895.00, 3960.00,  719.00,          314,    2.933022,     32.0742
    237,  900.00, 3988.40,  718.00,          321,    1.152989,     32.6421
    237,  900.00, 3988.40,  718.00,          266,    0.181718,     32.6421
    238,  921.00, 4001.00,  719.00,          363,    2.763437,     33.1034
    239,  913.00, 3945.00,  720.00,          295,   -0.112581,     32.1273
    239,  913.00, 3945.00,  720.00,          260,    1.203446,     32.1273
    240,  975.00, 3952.00,  720.00,          359,    0.850280,     32.5441
    241,  945.67, 3955.67,  719.67,          244,   -0.285622,     32.4424
    241,  945.67, 3955.67,  719.67,          330,    0.478408,     32.4424
    242,  929.00, 3958.00,  720.00,          285,   -0.035392,     32.3368
    242,  929.00, 3958.00,  720.00,          270,   -0.105862,     32.3368
    242,  929.00, 3958.00,  720.00,          272,    0.141254,     32.3368
    243,  907.33, 3959.33,  720.00,          283,   -0.138575,     32.0607
    243,  907.33, 3959.33,  720.00,          262,    0.276200,     32.0607
    243,  907.33, 3959.33,  720.00,          263,   -0.137624,     32.0607
    244,  949.00, 3961.00,  720.00,          264,   -0.724348,     32.4636
    244,  949.00, 3961.00,  720.00,          286,    0.438727,     32.4636
    245,  969.40, 3965.40,  719.00,          274,   -2.909305,     32.7879
    245,  969.40, 3965.40,  719.00,          361,    2.511258,     32.7879
    246,  891.00, 3968.00,  720.00,          249,   -0.389587,     32.0590
    246,  891.00, 3968.00,  720.00,          271,    0.679650,     32.0590
    247,  946.75, 3971.75,  719.75,          288,   -0.319415,     32.4852
    247,  946.75, 3971.75,  719.75,          287,   -0.809211,     32.4852
    247,  946.75, 3971.75,  719.75,          286,    2.483960,     32.4852
    248,  900.00, 3972.50,  719.50,          389,    1.481482,     32.0823
    248,  900.00, 3972.50,  719.50,          276,   -0.362234,     32.0823
    249,  894.00, 3977.00,  720.00,          276,    0.198495,     32.2796
    250,  939.00, 3982.00,  720.00,          288,    0.237347,     32.7214
    250,  939.00, 3982.00,  720.00,          252,   -0.608558,     32.7214
    250,  939.00, 3982.00,  720.00,          267,    0.371206,     32.7214
    251,  887.00, 3983.00,  720.00,          275,    0.452507,     32.4158
    251,  887.00, 3983.00,  720.00,          277,    0.112638,     32.4158
    252,  941.00, 3983.00,  720.00,          344,    2.076065,     32.7265
    253,  967.00, 3983.00,  720.00,          373,    1.574489,     33.6563
    253,  967.00, 3983.00,  720.00,          274,    5.070980,     33.6563
    254,  953.00, 3991.00,  720.00,          322,    0.956256,     32.8230
    254,  953.00, 3991.00,  720.00,          486,    0.670253,     32.8230
    255,  973.67, 3999.67,  719.67,          302,    1.082955,     33.8572
    255,  973.67, 3999.67,  719.67,          280,    0.109029,     33.8572
    256,  912.00, 3908.00,  720.00,          324,    4.335872,     32.3218
    257,  949.50, 3928.50,  720.50,          308,    1.908243,     33.7932
    257,  949.50, 3928.50,  720.50,          282,    0.093951,     33.7932
    258,  940.00, 3939.00,  721.00,          328,    1.371329,     33.3304
    259,  921.67, 3939.67,  720.67,          296,    2.706542,     32.2939
    259,  921.67, 3939.67,  720.67,          309,   -0.617517,     32.2939
    260,  913.00, 3947.33,  720.33,          386,    1.338540,     32.1229
    260,  913.00, 3947.33,  720.33,          283,   -0.135085,     32.1229
    261,  900.00, 3947.33,  720.67,          312,    2.294639,     31.9795
    261,  900.00, 3947.33,  720.67,          262,   -0.114509,     31.9795
    262,  904.50, 3956.00,  720.00,          314,    0.556170,     32.0464
    263,  907.00, 3963.00,  721.00,          341,   -0.050505,     32.0669
    264,  952.67, 3962.33,  720.33,          388,    0.485667,     32.6328
    265,  882.00, 3965.75,  720.25,          271,    0.138837,     32.0813
    265,  882.00, 3965.75,  720.25,          315,    1.832196,     32.0813
    265,  882.00, 3965.75,  720.25,          273,   -0.666461,     32.0813
    266,  905.33, 3982.67,  720.67,          321,    0.136857,     32.5524
    266,  905.33, 3982.67,  720.67,          289,    0.044862,     32.5524
    267,  932.00, 3983.00,  721.00,          290,    0.301501,     32.6902
    267,  932.00, 3983.00,  721.00,          268,    0.069703,     32.6902
    268,  922.00, 3988.00,  721.00,          291,    1.800367,     32.6810
    269,  963.00, 3908.00,  722.00,          294,    0.740215,     34.1274
    270,  925.25, 3951.00,  721.00,          313,    1.106505,     32.3874
    270,  925.25, 3951.00,  721.00,          298,    1.048823,     32.3874
    271,  889.00, 3964.00,  722.00,          284,    0.818484,     32.0197
    272,  922.75, 3964.25,  721.75,          316,    3.483171,     32.2608
    272,  922.75, 3964.25,  721.75,          300,   -1.159262,     32.2608
    273,  879.00, 3974.00,  722.00,          318,    0.225533,     32.1516
    273,  879.00, 3974.00,  722.00,          275,   -0.891997,     32.1516
    274,  969.83, 3974.00,  720.83,          410,    1.147969,     33.0899
    274,  969.83, 3974.00,  720.83,          319,    1.319692,     33.0899
    275,  881.25, 3977.25,  721.00,          381,    1.029222,     32.1945
    276,  899.00, 3978.00,  722.00,          372,   -0.163739,     32.2147
    277,  883.67, 3986.67,  721.33,          383,    0.749571,     32.3813
    278,  967.00, 3995.00,  722.00,          373,    2.043190,     33.3904
    278,  967.00, 3995.00,  722.00,          302,   -1.191982,     33.3904
    279,  906.00, 4000.00,  722.00,          292,    8.041944,     33.5831
    279,  906.00, 4000.00,  722.00,          347,    1.840790,     33.5831
    280,  976.00, 4002.00,  722.00,          281,    0.109028,     33.8309
    281,  972.00, 4006.00,  722.00,          303,    0.109030,     33.8236
    282,  955.67, 3926.67,  722.33,          428,    3.161126,     33.7557
    283,  914.50, 3954.50,  722.50,          316,   -0.185991,     32.1351
    283,  914.50, 3954.50,  722.50,          298,   -0.087669,     32.1351
    284,  890.00, 3962.00,  723.00,          358,    1.013666,     31.9961
    285,  936.25, 3963.25,  722.75,          299,    1.572419,     32.3566
    285,  936.25, 3963.25,  722.75,          286,   -0.734247,     32.3566
    286,  942.50, 3966.50,  722.50,          419,    2.188435,     32.4176
    287,  955.67, 3975.33,  722.33,          320,    3.572546,     32.5802
    288,  941.00, 3976.50,  722.00,          344,    0.100874,     32.6338
    289,  909.33, 3978.33,  722.33,          342,    0.140008,     32.2896
    290,  921.00, 3980.00,  723.00,          342,    0.514627,     32.4818
    290,  921.00, 3980.00,  723.00,          301,   -0.213128,     32.4818
    291,  920.00, 3989.00,  723.00,          301,    0.833566,     32.6173
    291,  920.00, 3989.00,  723.00,          399,    0.966800,     32.6173
    292,  902.00, 4000.00,  723.00,          401,    4.771487,     33.1921
    293,  893.00, 4004.00,  723.00,          374,    1.765080,     32.6001
    294,  963.00, 3912.00,  724.00,          307,    0.177936,     33.9297
    294,  963.00, 3912.00,  724.00,          366,    0.562280,     33.9297
    295,  916.00, 3941.00,  724.00,          356,    2.861317,     32.1358
    295,  916.00, 3941.00,  724.00,          296,   -2.973900,     32.1358
    296,  919.33, 3941.00,  723.67,          313,   -0.267359,     32.2532
    297,  884.00, 3942.00,  724.00,          358,    1.129228,     31.9778
    297,  884.00, 3942.00,  724.00,          311,    2.880410,     31.9778
    298,  923.00, 3952.00,  724.00,          378,    0.961155,     32.1444
    299,  933.00, 3966.00,  724.00,          411,    1.453957,     32.2743
    299,  933.00, 3966.00,  724.00,          317,    0.118464,     32.2743
    300,  927.67, 3967.33,  723.67,          317,    1.324095,     32.2873
    301,  917.00, 3986.00,  724.00,          321,    0.620442,     32.5744
    302,  971.00, 3998.67,  723.67,          365,   -0.109029,     33.7945
    303,  970.00, 4005.00,  724.00,          365,    0.109011,     33.8041
    304,  928.00, 3909.00,  725.00,          351,    2.990052,     33.0747
    304,  928.00, 3909.00,  725.00,          350,    0.748681,     33.0747
    305,  891.33, 3911.00,  724.67,          323,   -1.517809,     31.9389
    305,  891.33, 3911.00,  724.67,          352,    3.264775,     31.9389
    306,  952.00, 3913.00,  724.00,          366,   18.552411,     34.0134
    306,  952.00, 3913.00,  724.00,          332,    1.442655,     34.0134
    306,  952.00, 3913.00,  724.00,          331,    3.773755,     34.0134
    307,  965.33, 3914.33,  724.67,          449,    1.042490,     33.9227
    308,  946.00, 3932.00,  725.00,          369,    0.701228,     33.0311
    308,  946.00, 3932.00,  725.00,          335,    1.207015,     33.0311
    309,  924.67, 3933.33,  724.33,          402,    0.380896,     32.5857
    310,  970.00, 3934.00,  725.00,          326,    0.206878,     32.5798
    310,  970.00, 3934.00,  725.00,          333,    0.060263,     32.5798
    311,  887.00, 3937.00,  725.00,          327,    2.794951,     31.7768
    311,  887.00, 3937.00,  725.00,          312,    0.085461,     31.7768
    312,  898.00, 3941.00,  725.00,          336,    2.380096,     31.7650
    313,  923.00, 3943.00,  725.00,          357,    0.839145,     32.2671
    314,  900.00, 3959.00,  725.00,          405,    3.489193,     31.8019
    315,  880.00, 3962.00,  725.00,          379,    2.057730,     31.9435
    315,  880.00, 3962.00,  725.00,          362,   -0.225534,     31.9435
    316,  914.33, 3961.67,  724.67,          341,    3.297176,     32.1403
    317,  930.00, 3965.00,  725.00,          387,    1.442560,     32.2697
    318,  878.00, 3973.00,  725.00,          362,    0.225534,     32.1069
    319,  976.67, 3975.67,  724.67,          343,    1.319692,     32.4587
    320,  956.00, 3979.50,  724.50,          322,    0.711898,     32.5174
    320,  956.00, 3979.50,  724.50,          391,    7.030392,     32.5174
    321,  907.50, 3986.50,  724.50,          382,    1.910287,     32.5047
    322,  958.00, 3991.00,  725.00,          373,    1.668154,     32.4193
    323,  896.67, 3909.67,  725.33,          324,   -1.517808,     32.0380
    324,  900.67, 3911.00,  725.33,          448,    2.818064,     32.1135
    325,  921.67, 3918.67,  725.33,          376,    1.870655,     32.5589
    325,  921.67, 3918.67,  725.33,          350,   -0.748681,     32.5589
    326,  966.00, 3932.00,  726.00,          377,    0.267142,     32.5232
    326,  966.00, 3932.00,  726.00,          354,   -0.060265,     32.5232
    327,  882.67, 3932.67,  726.00,          367,    2.794946,     31.7121
    328,  937.00, 3938.00,  726.00,          329,    1.598476,     32.8461
    328,  937.00, 3938.00,  726.00,          369,   -0.227147,     32.8461
    329,  933.67, 3943.67,  726.00,          357,    0.553982,     32.2184
    329,  933.67, 3943.67,  726.00,          340,    1.044494,     32.2184
    330,  944.25, 3947.50,  725.75,          395,    0.455050,     32.1486
    330,  944.25, 3947.50,  725.75,          340,    0.824195,     32.1486
    330,  944.25, 3947.50,  725.75,          370,   -0.800838,     32.1486
    332,  948.00, 3919.00,  727.00,          368,    0.964163,     33.3408
    332,  948.00, 3919.00,  727.00,          369,    0.478492,     33.3408
    333,  974.00, 3932.00,  727.00,          354,    0.060265,     32.5763
    334,  907.33, 3936.67,  726.33,          336,    2.165969,     31.7764
    334,  907.33, 3936.67,  726.33,          356,   -2.502545,     31.7764
    334,  907.33, 3936.67,  726.33,          355,    0.336576,     31.7764
    335,  952.00, 3940.00,  727.00,          519,    0.457041,     32.2963
    335,  952.00, 3940.00,  727.00,          338,    0.749973,     32.2963
    336,  902.67, 3940.33,  726.67,          416,    4.546070,     31.6247
    337,  959.67, 3942.00,  726.67,          339,    0.768469,     32.3478
    337,  959.67, 3942.00,  726.67,          377,   -0.341813,     32.3478
    338,  952.00, 3943.00,  727.00,          370,    1.641822,     32.2698
    338,  952.00, 3943.00,  727.00,          339,   -0.891853,     32.2698
    339,  954.00, 3944.00,  727.00,          404,   -0.123380,     32.2933
    340,  942.00, 3945.00,  727.00,          453,    1.868686,     32.1138
    341,  912.00, 3964.00,  727.00,          435,    3.246671,     32.0906
    342,  914.33, 3977.00,  726.33,          390,    0.654635,     32.2350
    343,  976.00, 3981.00,  727.00,          398,    1.319692,     32.3676
    344,  942.50, 3983.33,  725.50,          499,    0.779455,     32.5867
    344,  942.50, 3983.33,  725.50,          345,    1.397485,     32.5867
    345,  939.00, 3986.00,  727.00,          400,    1.032037,     32.1987
    345,  939.00, 3986.00,  727.00,          411,    0.365447,     32.1987
    346,  882.33, 3997.67,  726.67,          374,    1.501327,     33.1296
    347,  908.00, 4004.50,  726.50,          445,    1.079826,     32.8500
    347,  908.00, 4004.50,  726.50,          412,    0.760965,     32.8500
    348,  921.00, 4004.50,  726.00,          363,   -1.187039,     32.4465
    348,  921.00, 4004.50,  726.00,          413,    1.187041,     32.4465
    349,  944.00, 4006.00,  727.00,          426,    1.170066,     33.1797
    351,  931.00, 3909.00,  728.00,          392,    2.990053,     32.3173
    352,  887.00, 3911.00,  728.00,          534,    1.473350,     31.7284
    352,  887.00, 3911.00,  728.00,          353,    1.791426,     31.7284
    353,  881.00, 3915.00,  728.00,          367,    1.791426,     31.5761
    355,  907.33, 3929.33,  727.67,          385,   -0.771913,     31.6265
    355,  907.33, 3929.33,  727.67,          451,    1.108488,     31.6265
    356,  912.67, 3938.33,  727.67,          415,    0.358773,     31.9459
    357,  930.00, 3944.00,  728.00,          417,    1.393129,     32.1911
    358,  886.00, 3951.00,  728.00,          379,    2.142896,     31.8439
    359,  972.67, 3952.33,  727.33,          394,    0.850281,     32.4668
    360,  965.67, 3952.67,  727.67,          371,   -1.864877,     32.0133
    360,  965.67, 3952.67,  727.67,          526,    2.982844,     32.0133
    361,  966.67, 3957.33,  728.00,          407,    1.421997,     32.4209
    361,  966.67, 3957.33,  728.00,          371,    1.089259,     32.4209
    363,  926.00, 4002.50,  725.60,          425,    4.945256,     32.8292
    363,  926.00, 4002.50,  725.60,          413,    0.677159,     32.8292
    363,  926.00, 4002.50,  725.60,          375,    1.827726,     32.8292
    364,  956.00, 4004.00,  728.00,          502,    1.289189,     32.9874
    364,  956.00, 4004.00,  728.00,          384,    5.412249,     32.9874
    366,  955.33, 3914.33,  728.33,          428,   19.114690,     33.6240
    367,  881.00, 3918.00,  729.00,          463,    4.586374,     31.5550
    368,  938.00, 3918.33,  728.33,          402,    3.867454,     33.2258
    369,  945.00, 3930.50,  728.50,          609,    0.952574,     32.9986
    370,  949.67, 3944.00,  728.33,          466,    0.840988,     32.2143
    371,  968.00, 3955.00,  729.00,          394,   -0.775610,     32.4092
    372,  902.00, 3980.33,  728.67,          397,    0.821537,     32.2897
    372,  902.00, 3980.33,  728.67,          382,   -0.985277,     32.2897
    373,  961.00, 3993.00,  728.00,          472,    3.125846,     32.3270
    373,  961.00, 3993.00,  728.00,          502,    2.159987,     32.3270
    374,  889.67, 3999.33,  728.67,          501,    3.266406,     32.4322
    375,  922.00, 4000.00,  729.00,          413,    0.605912,     32.7039
    375,  922.00, 4000.00,  729.00,          458,    1.221813,     32.7039
    376,  922.00, 3921.00,  730.00,          393,   -0.502609,     31.9752
    376,  922.00, 3921.00,  730.00,          385,    2.373264,     31.9752
    377,  962.33, 3940.67,  729.33,          394,   -0.074673,     32.3639
    378,  930.00, 3953.00,  730.00,          418,    0.447473,     31.6123
    378,  930.00, 3953.00,  730.00,          417,    0.513682,     31.6123
    379,  882.67, 3954.33,  729.33,          455,    4.200627,     31.7202
    380,  955.00, 3956.00,  730.00,          420,    2.238220,     32.4296
    380,  955.00, 3956.00,  730.00,          404,    0.225942,     32.4296
    381,  888.00, 3976.00,  730.00,          440,   -2.848191,     32.0571
    381,  888.00, 3976.00,  730.00,          409,    3.877413,     32.0571
    382,  903.00, 3983.00,  730.00,          423,    0.925005,     32.3263
    383,  894.33, 3985.67,  729.33,          513,    0.798259,     32.2631
    383,  894.33, 3985.67,  729.33,          423,   -0.048688,     32.2631
    384,  954.00, 4006.00,  730.00,          426,    5.412249,     32.7663
    385,  913.00, 3925.00,  731.00,          488,    1.601354,     31.6981
    386,  911.67, 3950.00,  730.67,          416,    1.234271,     31.2634
    386,  911.67, 3950.00,  730.67,          403,    0.104268,     31.2634
    387,  931.00, 3966.00,  731.00,          436,    1.341645,     32.1648
    387,  931.00, 3966.00,  731.00,          419,    0.100915,     32.1648
    388,  956.33, 3965.67,  730.67,          420,    0.152740,     32.3005
    388,  956.33, 3965.67,  730.67,          408,    0.332925,     32.3005
    389,  902.67, 3970.67,  730.67,          396,   -0.341159,     31.8792
    389,  902.67, 3970.67,  730.67,          435,    1.822642,     31.8792
    390,  913.33, 3976.33,  730.67,          437,    0.414836,     32.0592
    390,  913.33, 3976.33,  730.67,          511,    0.239799,     32.0592
    391,  958.50, 3977.17,  730.00,          439,    6.183055,     32.3475
    391,  958.50, 3977.17,  730.00,          408,    0.612196,     32.3475
    391,  958.50, 3977.17,  730.00,          410,    0.235146,     32.3475
    392,  930.00, 3913.00,  732.00,          461,    1.430034,     32.1148
    392,  930.00, 3913.00,  732.00,          393,    1.560019,     32.1148
    393,  926.00, 3917.00,  732.00,          450,    1.057410,     32.0107
    395,  945.00, 3954.00,  732.00,          467,    0.931907,     31.9028
    395,  945.00, 3954.00,  732.00,          434,   -0.476856,     31.9028
    396,  903.00, 3974.00,  732.00,          437,    0.876966,     31.9526
    396,  903.00, 3974.00,  732.00,          397,   -1.218123,     31.9526
    397,  900.00, 3976.00,  732.00,          409,   -0.396586,     32.0043
    398,  973.00, 3985.00,  732.00,          444,    1.054343,     32.2575
    398,  973.00, 3985.00,  732.00,          446,    0.265350,     32.2575
    399,  927.50, 3987.50,  731.50,          422,    2.134195,     31.9573
    399,  927.50, 3987.50,  731.50,          400,   -1.633343,     31.9573
    399,  927.50, 3987.50,  731.50,          424,    0.465949,     31.9573
    400,  934.00, 3991.00,  731.00,          486,    0.453541,     32.0998
    400,  934.00, 3991.00,  731.00,          425,   -1.054848,     32.0998
    401,  902.00, 3993.00,  732.00,          423,    3.893145,     32.5505
    401,  902.00, 3993.00,  732.00,          473,    0.878342,     32.5505
    402,  929.50, 3930.00,  732.50,          430,    3.284751,     32.5405
    402,  929.50, 3930.00,  732.50,          415,    0.963598,     32.5405
    403,  914.67, 3952.33,  733.00,          406,   -0.137780,     31.2580
    403,  914.67, 3952.33,  733.00,          492,    0.242047,     31.2580
    404,  957.00, 3953.67,  732.33,          528,    0.102562,     32.3776
    405,  902.00, 3957.00,  733.00,          433,    0.952429,     31.4528
    405,  902.00, 3957.00,  733.00,          432,    2.536762,     31.4528
    406,  922.00, 3959.00,  733.00,          441,    0.195529,     31.3395
    406,  922.00, 3959.00,  733.00,          418,   -0.333310,     31.3395
    407,  963.00, 3966.00,  733.00,          408,   -0.945125,     32.2421
    407,  963.00, 3966.00,  733.00,          421,    2.367121,     32.2421
    409,  895.33, 3975.33,  732.33,          497,    3.480823,     32.0113
    410,  966.67, 3978.00,  732.33,          443,    1.383115,     32.2277
    411,  934.60, 3979.80,  732.20,          470,    1.148086,     31.9977
    411,  934.60, 3979.80,  732.20,          438,    0.317489,     31.9977
    411,  934.60, 3979.80,  732.20,          456,    0.353826,     31.9977
    412,  911.33, 4007.00,  732.67,          413,    0.760964,     32.5119
    413,  918.90, 4006.30,  730.80,          594,    3.231082,     32.4417
    414,  941.00, 3910.00,  734.00,          462,   -0.466005,     31.3783
    414,  941.00, 3910.00,  734.00,          642,    0.466005,     31.3783
    415,  921.00, 3937.00,  734.00,          507,    1.322372,     31.9012
    416,  904.38, 3946.62,  732.88,          491,    3.233608,     31.1421
    416,  904.38, 3946.62,  732.88,          431,    0.650491,     31.1421
    416,  904.38, 3946.62,  732.88,          522,    2.253385,     31.1421
    416,  904.38, 3946.62,  732.88,          432,   -0.357144,     31.1421
    417,  931.25, 3950.75,  732.75,          493,    0.571698,     31.4968
    417,  931.25, 3950.75,  732.75,          454,    1.301311,     31.4968
    417,  931.25, 3950.75,  732.75,          539,    0.033804,     31.4968
    418,  927.00, 3955.00,  734.00,          454,    0.114162,     31.4684
    419,  939.50, 3961.25,  733.00,          480,    1.928970,     32.1050
    419,  939.50, 3961.25,  733.00,          434,    0.360375,     32.1050
    420,  952.67, 3961.67,  733.33,          442,    2.390956,     32.2454
    421,  966.00, 3967.00,  734.00,          496,    0.153689,     32.1495
    421,  966.00, 3967.00,  734.00,          495,    2.213433,     32.1495
    422,  924.00, 3984.00,  734.00,          545,    2.393143,     31.8178
    422,  924.00, 3984.00,  734.00,          438,   -0.258946,     31.8178
    423,  901.00, 3987.00,  733.00,          605,    4.769462,     32.2675
    424,  922.00, 3991.00,  734.00,          458,   -0.060640,     31.7631
    424,  922.00, 3991.00,  734.00,          445,    0.526589,     31.7631
    425,  931.00, 3998.00,  734.00,          517,    3.890410,     32.2016
    426,  951.67, 4003.67,  733.67,          459,    6.582314,     32.4515
    427,  958.33, 3910.33,  734.67,          428,  -18.020989,     33.0008
    428,  958.40, 3915.80,  734.00,          505,    3.884931,     33.1526
    428,  958.40, 3915.80,  734.00,          449,    0.369891,     33.1526
    429,  896.00, 3921.00,  734.25,          535,   -0.422252,     30.8868
    429,  896.00, 3921.00,  734.25,          476,    0.959293,     30.8868
    429,  896.00, 3921.00,  734.25,          504,   -1.293582,     30.8868
    429,  896.00, 3921.00,  734.25,          474,    0.756544,     30.8868
    430,  931.00, 3928.00,  735.00,          450,    0.290533,     31.8472
    430,  931.00, 3928.00,  735.00,          465,    2.994218,     31.8472
    431,  896.67, 3948.33,  734.33,          433,   -0.672635,     30.8303
    431,  896.67, 3948.33,  734.33,          508,    1.323125,     30.8303
    432,  904.00, 3957.00,  735.00,          468,    2.179617,     31.3682
    433,  898.33, 3957.67,  735.00,          481,    0.279795,     31.2122
    434,  944.33, 3959.67,  734.67,          442,   -0.116479,     32.0822
    435,  906.50, 3966.25,  734.25,          481,    1.269434,     31.7317
    435,  906.50, 3966.25,  734.25,          563,    3.799878,     31.7317
    436,  927.50, 3968.50,  734.25,          441,    0.875715,     31.7331
    436,  927.50, 3968.50,  734.25,          438,   -0.171969,     31.7331
    436,  927.50, 3968.50,  734.25,          543,    0.637899,     31.7331
    437,  908.00, 3976.00,  735.00,          498,    1.291802,     31.8888
    438,  926.50, 3978.50,  734.50,          456,   -0.113424,     31.8363
    439,  954.00, 3977.67,  734.67,          482,    5.693587,     32.1975
    439,  954.00, 3977.67,  734.67,          471,    0.489474,     32.1975
    440,  881.00, 3979.25,  734.00,          514,    4.620859,     32.3491
    440,  881.00, 3979.25,  734.00,          483,   -7.469047,     32.3491
    441,  923.00, 3962.33,  735.33,          469,    1.071243,     31.3298
    442,  948.00, 3963.00,  736.00,          482,    2.274476,     32.0893
    443,  968.67, 3978.33,  735.67,          457,    0.070128,     32.1641
    443,  968.67, 3978.33,  735.67,          496,    1.312990,     32.1641
    444,  973.00, 3983.00,  736.00,          457,    1.054343,     32.2019
    445,  917.00, 3990.00,  736.00,          545,    1.606413,     31.5909
    447,  939.67, 4007.67,  736.00,          548,    1.413203,     32.8305
    448,  907.33, 3908.33,  736.33,          460,    2.818063,     31.6769
    449,  965.00, 3912.00,  737.00,          609,    1.412384,     33.1413
    450,  928.33, 3918.33,  736.67,          518,    1.347943,     31.6708
    451,  906.00, 3926.00,  737.00,          506,    0.297338,     30.9648
    451,  906.00, 3926.00,  737.00,          489,    0.811155,     30.9648
    452,  883.00, 3927.00,  737.00,          538,    0.261354,     30.7942
    452,  883.00, 3927.00,  737.00,          463,   -0.459420,     30.7942
    452,  883.00, 3927.00,  737.00,          464,    0.198066,     30.7942
    453,  946.00, 3938.00,  737.00,          555,   -0.664615,     31.8307
    453,  946.00, 3938.00,  737.00,          478,    2.533302,     31.8307
    454,  930.00, 3951.00,  737.00,          492,    1.415472,     31.4287
    455,  886.67, 3959.33,  736.67,          532,    1.529479,     31.2379
    455,  886.67, 3959.33,  736.67,          510,    2.671150,     31.2379
    456,  929.00, 3979.00,  737.00,          511,    0.240400,     31.8410
    457,  970.00, 3982.00,  737.00,          500,    1.124472,     32.1607
    458,  923.33, 3995.67,  736.33,          533,    1.161172,     32.0752
    459,  952.00, 4006.33,  736.33,          580,    6.582314,     32.3587
    460,  911.00, 3909.00,  738.00,          503,    2.818063,     31.5412
    461,  933.00, 3909.00,  738.00,          462,    0.872255,     31.4480
    461,  933.00, 3909.00,  738.00,          487,    0.557778,     31.4480
    462,  936.33, 3910.33,  737.67,          574,    0.406248,     31.4110
    463,  887.00, 3921.25,  737.00,          474,    2.953125,     30.9863
    463,  887.00, 3921.25,  737.00,          624,    1.173829,     30.9863
    464,  886.33, 3931.67,  737.33,          477,   -0.571859,     30.7262
    464,  886.33, 3931.67,  737.33,          538,    0.769921,     30.7262
    465,  937.00, 3933.00,  738.00,          520,    4.204196,     31.5518
    465,  937.00, 3933.00,  738.00,          478,   -1.209974,     31.5518
    466,  956.00, 3943.00,  738.00,          490,    0.434784,     31.6319
    466,  956.00, 3943.00,  738.00,          467,    0.406204,     31.6319
    467,  950.33, 3949.67,  737.33,          509,    1.338110,     31.4190
    468,  906.00, 3959.00,  738.00,          563,    1.780085,     31.2622
    468,  906.00, 3959.00,  738.00,          481,    0.399533,     31.2622
    469,  922.00, 3963.00,  738.00,          494,    0.623176,     31.2929
    469,  922.00, 3963.00,  738.00,          541,    0.448069,     31.2929
    470,  940.33, 3980.67,  737.33,          512,    1.342368,     31.9646
    470,  940.33, 3980.67,  737.33,          484,    0.875612,     31.9646
    470,  940.33, 3980.67,  737.33,          482,   -1.069895,     31.9646
    471,  951.00, 3986.00,  738.00,          499,   -0.249090,     31.9211
    471,  951.00, 3986.00,  738.00,          472,    0.738565,     31.9211
    472,  956.33, 3987.00,  737.67,          568,    3.864416,     31.8737
    473,  904.00, 4000.00,  738.00,          547,    0.878342,     32.0559
    474,  891.00, 3920.00,  739.00,          552,    3.709669,     30.8246
    475,  911.33, 3920.33,  739.00,          488,    0.821383,     30.8399
    475,  911.33, 3920.33,  739.00,          504,   -0.628083,     30.8399
    475,  911.33, 3920.33,  739.00,          489,   -0.193298,     30.8399
    476,  899.33, 3927.33,  738.67,          477,    1.903405,     30.8567
    476,  899.33, 3927.33,  738.67,          489,   -0.944113,     30.8567
    477,  898.25, 3934.00,  738.75,          522,    0.124754,     30.8087
    477,  898.25, 3934.00,  738.75,          479,    1.206798,     30.8087
    478,  939.00, 3936.00,  739.00,          523,    1.323326,     31.6052
    479,  894.50, 3939.50,  738.50,          583,    1.002417,     30.7139
    479,  894.50, 3939.50,  738.50,          524,   -0.271438,     30.7139
    479,  894.50, 3939.50,  738.50,          508,    0.475812,     30.7139
    480,  938.00, 3958.00,  739.00,          493,    1.395216,     31.3004
    480,  938.00, 3958.00,  739.00,          542,    0.533755,     31.3004
    481,  900.50, 3962.50,  738.50,          531,    1.948761,     31.1062
    482,  947.80, 3972.20,  737.80,          589,    6.898166,     32.0097
    484,  943.00, 3981.00,  739.00,          499,   -0.375463,     31.9319
    484,  943.00, 3981.00,  739.00,          634,    1.251077,     31.9319
    485,  942.00, 3989.00,  739.00,          499,   -0.154903,     31.9254
    485,  942.00, 3989.00,  739.00,          515,    0.583926,     31.9254
    485,  942.00, 3989.00,  739.00,          486,   -0.429024,     31.9254
    486,  943.43, 3992.71,  737.00,          546,    0.365516,     32.0394
    486,  943.43, 3992.71,  737.00,          580,    0.329252,     32.0394
    487,  924.33, 3908.00,  739.33,          549,    0.557778,     31.1541
    488,  915.33, 3921.00,  739.17,          553,    1.099335,     30.8006
    488,  915.33, 3921.00,  739.17,          554,    0.158032,     30.8006
    488,  915.33, 3921.00,  739.17,          537,    1.165371,     30.8006
    489,  904.50, 3923.67,  739.67,          504,   -0.326262,     30.9280
    490,  963.00, 3942.00,  740.00,          525,    2.008220,     31.5942
    490,  963.00, 3942.00,  740.00,          556,   -1.573435,     31.5942
    491,  904.00, 3947.00,  740.00,          524,    2.316587,     30.8697
    491,  904.00, 3947.00,  740.00,          559,    0.917019,     30.8697
    492,  927.00, 3949.00,  739.67,          507,   -0.100699,     31.0497
    492,  927.00, 3949.00,  739.67,          584,    0.543142,     31.0497
    492,  927.00, 3949.00,  739.67,          558,    1.215077,     31.0497
    493,  938.00, 3956.00,  740.00,          561,    1.966913,     31.1142
    494,  918.00, 3965.00,  740.00,          564,    0.200426,     31.2569
    494,  918.00, 3965.00,  740.00,          563,    0.422751,     31.2569
    495,  968.00, 3965.00,  740.00,          586,    1.139811,     31.2730
    495,  968.00, 3965.00,  740.00,          530,    1.073619,     31.2730
    496,  973.50, 3973.50,  738.50,          619,    1.466678,     32.0496
    497,  897.00, 3978.00,  740.00,          565,    4.488625,     31.6711
    497,  897.00, 3978.00,  740.00,          513,   -1.007801,     31.6711
    498,  913.00, 3978.00,  740.00,          632,    2.545939,     31.3221
    498,  913.00, 3978.00,  740.00,          545,   -1.254138,     31.3221
    500,  967.00, 3986.00,  740.00,          568,    0.836482,     31.7693
    500,  967.00, 3986.00,  740.00,          606,    0.287991,     31.7693
    501,  896.00, 3991.00,  740.00,          591,    2.125595,     31.8381
    501,  896.00, 3991.00,  740.00,          513,    1.140809,     31.8381
    502,  965.29, 4005.29,  738.57,          581,    0.958832,     31.8999
    502,  965.29, 4005.29,  738.57,          579,    2.490345,     31.8999
    503,  910.00, 3912.00,  741.00,          582,    1.885383,     31.3964
    503,  910.00, 3912.00,  741.00,          504,    0.932680,     31.3964
    504,  906.50, 3916.17,  739.33,          551,   -1.068212,     31.0793
    504,  906.50, 3916.17,  739.33,          535,   -0.247038,     31.0793
    505,  970.00, 3929.00,  741.00,          556,    3.884929,     32.8784
    506,  912.00, 3930.00,  741.00,          521,    0.297339,     30.8184
    507,  928.00, 3941.75,  739.75,          558,    1.171948,     31.0937
    507,  928.00, 3941.75,  739.75,          523,    0.049725,     31.0937
    508,  889.25, 3944.25,  739.75,          538,    0.046017,     30.6735
    508,  889.25, 3944.25,  739.75,          540,    1.752920,     30.6735
    509,  947.00, 3950.00,  741.00,          562,    1.139041,     31.0223
    509,  947.00, 3950.00,  741.00,          539,    0.199070,     31.0223
    510,  881.67, 3960.00,  740.33,          630,    2.671148,     31.0415
    511,  929.00, 3978.25,  740.00,          512,   -0.804377,     31.7967
    511,  929.00, 3978.25,  740.00,          566,    1.284575,     31.7967
    512,  934.33, 3981.33,  740.67,          544,    0.537994,     31.8554
    513,  895.80, 3984.00,  740.00,          689,    0.931268,     31.7439
    514,  878.00, 3984.50,  740.75,          577,    2.022720,     31.8553
    514,  878.00, 3984.50,  740.75,          569,    2.598139,     31.8553
    515,  940.00, 3989.00,  741.00,          635,    0.411997,     31.8268
    515,  940.00, 3989.00,  741.00,          516,    0.171929,     31.8268
    516,  937.00, 3990.00,  741.00,          544,    0.306009,     31.7943
    516,  937.00, 3990.00,  741.00,          517,   -0.134080,     31.7943
    517,  930.00, 3997.50,  741.00,          594,    0.396849,     31.8764
    517,  930.00, 3997.50,  741.00,          592,    2.023271,     31.8764
    517,  930.00, 3997.50,  741.00,          533,    1.336211,     31.8764
    518,  924.00, 3914.00,  742.00,          550,    1.124286,     31.0173
    518,  924.00, 3914.00,  742.00,          549,    0.223655,     31.0173
    519,  953.00, 3929.00,  742.00,          609,    0.958172,     31.7880
    519,  953.00, 3929.00,  742.00,          555,   -0.501130,     31.7880
    520,  940.00, 3931.00,  742.00,          598,    3.147735,     31.2848
    520,  940.00, 3931.00,  742.00,          574,    1.056460,     31.2848
    521,  914.00, 3932.00,  742.00,          522,    0.194970,     30.8079
    521,  914.00, 3932.00,  742.00,          537,    0.102366,     30.8079
    522,  909.50, 3938.00,  741.50,          557,    2.573110,     30.7906
    523,  936.50, 3941.50,  741.50,          599,    1.089700,     31.0886
    523,  936.50, 3941.50,  741.50,          539,    0.283350,     31.0886
    524,  901.00, 3944.00,  742.00,          583,    2.045156,     30.7415
    525,  965.00, 3944.00,  742.00,          600,    2.445857,     31.5122
    525,  965.00, 3944.00,  742.00,          526,   -0.437638,     31.5122
    526,  964.67, 3952.00,  740.67,          653,    1.144603,     31.5541
    526,  964.67, 3952.00,  740.67,          527,    0.985653,     31.5541
    526,  964.67, 3952.00,  740.67,          529,    0.414950,     31.5541
    527,  962.00, 3955.00,  742.00,          528,    0.640803,     31.5049
    527,  962.00, 3955.00,  742.00,          586,    0.344850,     31.5049
    528,  959.00, 3956.00,  742.00,          655,    0.743365,     31.3839
    529,  976.00, 3956.00,  742.00,          576,    0.414950,     31.2545
    530,  974.00, 3962.00,  742.00,          576,    1.073623,     31.2450
    531,  898.67, 3962.33,  741.67,          585,   -0.650540,     31.0221
    531,  898.67, 3962.33,  741.67,          601,    2.599303,     31.0221
    532,  890.33, 3965.33,  741.33,          631,    1.364059,     31.0857
    532,  890.33, 3965.33,  741.33,          585,    0.165418,     31.0857
    533,  927.33, 3995.67,  741.67,          570,    2.497386,     31.6130
    534,  885.00, 3911.00,  743.00,          573,    1.473350,     31.4655
    535,  901.50, 3916.00,  742.50,          597,    1.388303,     31.1667
    535,  901.50, 3916.00,  742.50,          595,   -2.057594,     31.1667
    536,  925.00, 3928.00,  743.00,          537,   -1.267737,     30.7162
    536,  925.00, 3928.00,  743.00,          647,    0.009746,     30.7162
    536,  925.00, 3928.00,  743.00,          676,    1.257992,     30.7162
    538,  881.07, 3934.21,  740.36,          813,    0.755900,     30.6665
    538,  881.07, 3934.21,  740.36,          611,    0.321393,     30.6665
    539,  944.00, 3944.80,  742.20,          699,    0.516224,     30.9495
    540,  886.67, 3949.33,  742.67,          575,    1.055487,     30.6317
    540,  886.67, 3949.33,  742.67,          560,    0.697435,     30.6317
    541,  930.00, 3960.00,  743.00,          654,    1.153188,     31.2406
    541,  930.00, 3960.00,  743.00,          542,   -0.705127,     31.2406
    542,  935.00, 3963.00,  743.00,          587,   -0.171374,     31.2559
    543,  934.00, 3972.00,  743.00,          566,   -0.841591,     31.2971
    543,  934.00, 3972.00,  743.00,          587,    1.479488,     31.2971
    544,  932.00, 3986.00,  743.00,          620,    0.844004,     31.6718
    545,  916.00, 3988.62,  741.25,          593,   -0.170882,     31.4864
    545,  916.00, 3988.62,  741.25,          692,    1.685850,     31.4864
    545,  916.00, 3988.62,  741.25,          578,    1.230454,     31.4864
    546,  941.33, 3996.33,  742.33,          548,   -0.182882,     31.8915
    546,  941.33, 3996.33,  742.33,          637,    0.548399,     31.8915
    547,  904.00, 3997.00,  743.00,          591,    0.141070,     31.7501
    547,  904.00, 3997.00,  743.00,          692,    0.737271,     31.7501
    548,  937.33, 4000.00,  742.67,          592,    1.230320,     31.9508
    549,  923.00, 3911.33,  743.33,          622,    0.781434,     30.9752
    550,  925.00, 3917.00,  744.00,          553,    0.458771,     30.7661
    550,  925.00, 3917.00,  744.00,          647,    0.665517,     30.7661
    551,  907.00, 3917.33,  743.67,          595,   -1.068211,     31.3672
    552,  893.33, 3918.33,  743.67,          608,    1.416033,     30.5849
    552,  893.33, 3918.33,  743.67,          597,    2.293633,     30.5849
    553,  918.50, 3919.50,  743.50,          596,    1.558101,     30.7284
    554,  912.00, 3925.00,  744.00,          596,    0.158031,     30.7336
    556,  968.00, 3933.00,  744.00,          664,    2.311494,     32.6317
    557,  916.00, 3942.00,  744.00,          559,   -0.856792,     30.7135
    557,  916.00, 3942.00,  744.00,          628,    3.429906,     30.7135
    558,  927.00, 3946.00,  744.00,          628,    2.387032,     30.6674
    559,  908.33, 3947.67,  743.33,          614,    0.060225,     30.8101
    560,  879.33, 3951.00,  743.67,          613,    0.697435,     30.6119
    561,  939.60, 3952.80,  743.00,          562,    1.002069,     31.0059
    561,  939.60, 3952.80,  743.00,          584,    0.964843,     31.0059
    562,  944.00, 3953.00,  744.00,          652,    2.141112,     30.9525
    563,  911.67, 3959.83,  742.33,          617,    6.002714,     31.2145
    564,  924.00, 3970.00,  744.00,          633,    0.643407,     31.1519
    564,  924.00, 3970.00,  744.00,          566,   -0.442982,     31.1519
    565,  899.00, 3972.00,  744.00,          585,    2.935249,     31.2750
    565,  899.00, 3972.00,  744.00,          632,    1.553379,     31.2750
    567,  959.00, 3981.00,  744.00,          603,    2.846247,     31.4057
    567,  959.00, 3981.00,  744.00,          568,   -2.846250,     31.4057
    568,  962.50, 3982.75,  743.25,          656,    1.854645,     31.4480
    569,  886.00, 3994.00,  744.00,          659,    1.389976,     31.4619
    569,  886.00, 3994.00,  744.00,          590,    1.208163,     31.4619
    570,  926.00, 3994.00,  744.00,          620,    1.715722,     31.5198
    570,  926.00, 3994.00,  744.00,          707,    0.781661,     31.5198
    571,  957.00, 4001.00,  744.00,          580,   -4.871143,     31.6610
    571,  957.00, 4001.00,  744.00,          636,    4.589315,     31.6610
    571,  957.00, 4001.00,  744.00,          581,    0.281822,     31.6610
    572,  901.00, 3909.00,  745.00,          595,    3.125801,     31.9694
    574,  941.00, 3926.67,  744.33,          610,    1.462711,     30.9683
    575,  890.00, 3953.00,  745.00,          615,   -0.832990,     30.6101
    575,  890.00, 3953.00,  745.00,          616,    1.888475,     30.6101
    576,  974.33, 3959.67,  744.33,          629,    1.488566,     31.2317
    577,  880.50, 3981.75,  743.50,          604,    2.022719,     31.7450
    578,  917.00, 3987.00,  745.00,          621,    0.548650,     31.4253
    578,  917.00, 3987.00,  745.00,          620,    0.681804,     31.4253
    579,  971.33, 3999.67,  744.33,          607,    2.490345,     31.6043
    580,  953.00, 4002.67,  743.33,          640,    2.040423,     31.7407
    581,  964.00, 4005.00,  745.00,          641,    1.240654,     31.5243
    582,  913.00, 3916.00,  746.00,          643,    3.003282,     30.6005
    582,  913.00, 3916.00,  746.00,          596,   -1.117904,     30.6005
    583,  898.00, 3942.00,  746.00,          712,    3.047574,     30.6117
    584,  936.00, 3950.00,  746.00,          651,    1.507982,     30.6914
    585,  895.80, 3967.20,  745.00,          618,    1.292068,     31.0724
    585,  895.80, 3967.20,  745.00,          702,    1.158058,     31.0724
    586,  964.00, 3967.17,  744.50,          602,   -0.044861,     31.2458
    586,  964.00, 3967.17,  744.50,          683,    1.529518,     31.2458
    587,  939.00, 3969.00,  746.00,          588,    1.308120,     31.2609
    588,  941.50, 3970.50,  746.00,          589,   -6.050496,     31.2467
    588,  941.50, 3970.50,  746.00,          686,    4.584573,     31.2467
    588,  941.50, 3970.50,  746.00,          721,    2.774047,     31.2467
    589,  945.67, 3971.33,  745.67,          602,    0.847672,     31.3429
    590,  891.67, 3989.67,  746.00,          689,    1.954709,     31.3564
    590,  891.67, 3989.67,  746.00,          591,   -0.746546,     31.3564
    591,  898.00, 3993.50,  745.00,          638,    1.520118,     31.6892
    592,  935.50, 3999.50,  745.50,          671,    0.018698,     31.7003
    592,  935.50, 3999.50,  745.50,          708,    3.234893,     31.7003
    593,  923.00, 4004.00,  746.00,          660,    3.457047,     31.6654
    593,  923.00, 4004.00,  746.00,          594,   -3.627928,     31.6654
    596,  916.33, 3919.33,  746.33,          698,    0.598230,     30.6628
    597,  896.14, 3921.86,  746.00,          673,    1.169777,     30.4475
    597,  896.14, 3921.86,  746.00,          611,    1.571382,     30.4475
    597,  896.14, 3921.86,  746.00,          674,    0.940778,     30.4475
    598,  941.00, 3936.00,  747.00,          699,    3.040449,     31.0197
    598,  941.00, 3936.00,  747.00,          599,    0.107285,     31.0197
    599,  936.33, 3938.67,  746.67,          679,    1.196984,     31.0129
    600,  970.00, 3943.40,  746.20,          678,    1.459143,     31.3230
    600,  970.00, 3943.40,  746.20,          700,    0.986713,     31.3230
    601,  902.00, 3954.00,  747.00,          614,   -1.221179,     30.7021
    601,  902.00, 3954.00,  747.00,          615,    3.820481,     30.7021
    602,  954.67, 3974.33,  746.33,          603,    0.802814,     31.2478
    603,  955.33, 3978.67,  746.67,          656,   -0.074605,     31.2346
    603,  955.33, 3978.67,  746.67,          690,    3.723667,     31.2346
    604,  883.00, 3981.00,  747.00,          703,    0.884688,     31.2178
    604,  883.00, 3981.00,  747.00,          658,    1.138031,     31.2178
    605,  907.67, 3985.67,  746.67,          621,    3.306384,     31.4090
    605,  907.67, 3985.67,  746.67,          669,    1.463083,     31.4090
    606,  967.00, 3989.00,  747.00,          636,    0.398393,     31.6383
    606,  967.00, 3989.00,  747.00,          704,   -0.110402,     31.6383
    607,  973.00, 3997.00,  747.00,          639,    2.490347,     31.4831
    608,  888.00, 3916.00,  748.00,          661,    0.577760,     29.9716
    608,  888.00, 3916.00,  748.00,          693,    0.838273,     29.9716
    609,  954.25, 3920.75,  747.50,          662,    1.932544,     31.6751
    609,  954.25, 3920.75,  747.50,          675,    1.390583,     31.6751
    610,  944.00, 3926.00,  748.00,          711,    1.843284,     30.8857
    610,  944.00, 3926.00,  748.00,          675,   -0.380575,     30.8857
    611,  896.00, 3928.00,  746.75,          697,    0.596470,     30.3329
    611,  896.00, 3928.00,  746.75,          612,    1.296307,     30.3329
    612,  901.00, 3933.00,  748.00,          626,    1.296304,     30.2231
    613,  878.00, 3946.75,  747.25,          714,    0.697435,     30.5649
    614,  908.33, 3950.67,  748.00,          654,   -2.085054,     30.8062
    614,  908.33, 3950.67,  748.00,          746,    0.924100,     30.8062
    615,  898.00, 3952.00,  748.00,          731,    2.987482,     30.6368
    616,  889.67, 3956.67,  747.67,          665,    3.296316,     30.5088
    616,  889.67, 3956.67,  747.67,          666,   -1.407840,     30.5088
    617,  913.50, 3958.50,  747.50,          654,    3.851442,     31.0881
    617,  913.50, 3958.50,  747.50,          701,    1.086709,     31.0881
    617,  913.50, 3958.50,  747.50,          682,    1.064572,     31.0881
    618,  893.00, 3973.00,  748.00,          750,    3.102114,     30.9641
    618,  893.00, 3973.00,  748.00,          689,   -1.810044,     30.9641
    619,  976.33, 3975.33,  747.67,          668,    1.466679,     31.8806
    620,  926.50, 3985.83,  746.33,          688,    3.241527,     31.3476
    621,  910.00, 3986.00,  748.00,          670,    3.855029,     31.3756
    622,  924.33, 3909.33,  748.67,          694,    1.247440,     30.7023
    622,  924.33, 3909.33,  748.67,          642,   -0.466005,     30.7023
    623,  883.00, 3922.00,  749.00,          674,   -0.043778,     29.9992
    623,  883.00, 3922.00,  749.00,          661,    0.837313,     29.9992
    623,  883.00, 3922.00,  749.00,          624,   -0.793535,     29.9992
    624,  879.50, 3923.75,  748.00,          648,    0.380294,     30.0370
    625,  909.00, 3932.00,  749.00,          627,   -0.111247,     30.1555
    625,  909.00, 3932.00,  749.00,          729,    0.111248,     30.1555
    626,  904.00, 3936.00,  749.00,          743,    1.565994,     30.1565
    626,  904.00, 3936.00,  749.00,          627,   -0.269690,     30.1565
    627,  906.00, 3936.00,  749.00,          766,   -0.380936,     30.1887
    628,  923.17, 3942.33,  748.17,          676,    0.157676,     30.6074
    628,  923.17, 3942.33,  748.17,          650,    2.557843,     30.6074
    628,  923.17, 3942.33,  748.17,          713,    3.101420,     30.6074
    629,  975.00, 3959.00,  749.00,          700,    1.488573,     31.2053
    630,  879.00, 3960.00,  749.00,          666,    2.671148,     30.7559
    631,  880.25, 3969.75,  747.75,          685,    1.364058,     30.8808
    632,  911.00, 3973.60,  748.00,          790,    2.651172,     31.0415
    632,  911.00, 3973.60,  748.00,          687,    1.448151,     31.0415
    633,  922.00, 3973.00,  749.00,          667,   -0.027199,     30.9151
    633,  922.00, 3973.00,  749.00,          684,    0.670606,     30.9151
    634,  941.00, 3982.00,  749.00,          686,    0.344629,     31.1666
    634,  941.00, 3982.00,  749.00,          657,    0.906446,     31.1666
    635,  946.00, 3991.00,  749.00,          637,   -1.407628,     31.5760
    635,  946.00, 3991.00,  749.00,          691,    1.819628,     31.5760
    636,  961.00, 3992.00,  749.00,          706,    4.987706,     31.4718
    637,  947.67, 3993.67,  748.33,          640,   -0.859236,     31.5929
    638,  900.33, 3993.67,  748.67,          756,    1.176170,     31.2945
    638,  900.33, 3993.67,  748.67,          724,    0.343948,     31.2945
    640,  950.50, 4003.50,  748.50,          671,   -0.018703,     31.6965
    640,  950.50, 4003.50,  748.50,          807,    1.199888,     31.6965
    643,  913.67, 3911.33,  749.67,          758,    3.003284,     30.3889
    644,  946.67, 3910.67,  749.33,          709,   -0.072400,     30.9994
    645,  926.00, 3917.00,  750.00,          672,    0.357655,     30.7034
    645,  926.00, 3917.00,  750.00,          647,   -0.357647,     30.7034
    646,  976.00, 3919.00,  749.25,          740,    0.117784,     31.4929
    647,  929.60, 3920.00,  748.60,          710,    0.242363,     30.7099
    647,  929.60, 3920.00,  748.60,          711,    0.075241,     30.7099
    648,  879.67, 3930.67,  749.67,          760,    0.380294,     29.8754
    649,  976.00, 3935.00,  750.00,          677,    0.440036,     31.4427
    650,  926.00, 3946.00,  750.00,          681,    3.204500,     30.4570
    650,  926.00, 3946.00,  750.00,          679,   -0.646662,     30.4570
    651,  936.67, 3948.67,  749.67,          732,    0.163478,     30.6211
    651,  936.67, 3948.67,  749.67,          679,    1.344506,     30.6211
    652,  945.33, 3953.00,  749.67,          655,   -0.128538,     30.8055
    652,  945.33, 3953.00,  749.67,          732,    2.269650,     30.8055
    653,  962.00, 3952.67,  749.67,          747,    0.264665,     30.9110
    653,  962.00, 3952.67,  749.67,          815,    0.879940,     30.9110
    654,  916.00, 3955.00,  748.80,          716,    1.317457,     31.0236
    654,  916.00, 3955.00,  748.80,          769,    1.602114,     31.0236
    655,  950.00, 3954.00,  750.00,          680,    0.614828,     30.8422
    656,  964.00, 3979.00,  750.00,          722,    1.780041,     31.2760
    657,  943.33, 3984.33,  749.67,          691,    1.040933,     31.1307
    657,  943.33, 3984.33,  749.67,          690,   -0.134487,     31.1307
    658,  880.67, 3988.67,  749.67,          735,    1.138031,     30.6438
    659,  896.00, 4004.00,  750.00,          736,    0.022502,     31.2101
    659,  896.00, 4004.00,  750.00,          737,    1.367473,     31.2101
    660,  921.00, 4005.00,  750.00,          776,    2.809872,     31.4786
    660,  921.00, 4005.00,  750.00,          725,    0.647177,     31.4786
    661,  884.00, 3918.25,  750.00,          695,    0.676142,     29.7989
    661,  884.00, 3918.25,  750.00,          696,    0.738931,     29.7989
    662,  950.00, 3918.00,  751.00,          709,    0.106122,     31.5349
    662,  950.00, 3918.00,  751.00,          906,    1.826421,     31.5349
    663,  903.00, 3922.00,  751.00,          673,    0.016212,     29.9725
    663,  903.00, 3922.00,  751.00,          697,   -0.016213,     29.9725
    664,  971.00, 3932.00,  751.00,          677,    1.028729,     31.5718
    664,  971.00, 3932.00,  751.00,          761,    1.282766,     31.5718
    665,  891.33, 3957.67,  750.67,          718,    2.644007,     30.4648
    665,  891.33, 3957.67,  750.67,          717,    0.652308,     30.4648
    666,  881.67, 3960.33,  750.33,          749,    1.263309,     30.6614
    667,  922.00, 3976.00,  751.00,          687,    0.066522,     30.9163
    667,  922.00, 3976.00,  751.00,          723,   -0.093722,     30.9163
    668,  975.00, 3980.00,  751.00,          704,    1.466678,     31.7788
    669,  899.00, 3984.00,  751.00,          689,    0.654830,     31.2394
    669,  899.00, 3984.00,  751.00,          819,    0.808254,     31.2394
    670,  910.00, 3990.00,  751.00,          724,    0.154348,     31.1483
    670,  910.00, 3990.00,  751.00,          734,    3.700679,     31.1483
    672,  926.00, 3917.00,  752.00,          710,    0.357654,     30.6607
    673,  899.50, 3919.50,  751.50,          757,    0.836890,     29.9683
    673,  899.50, 3919.50,  751.50,          727,    0.349100,     29.9683
    674,  891.00, 3922.00,  752.00,          727,    0.897001,     30.0036
    675,  949.67, 3927.67,  751.33,          742,    1.010005,     30.9162
    676,  927.67, 3931.50,  750.67,          698,    2.253736,     30.5851
    676,  927.67, 3931.50,  750.67,          741,   -0.838071,     30.5851
    677,  973.00, 3933.00,  752.00,          928,    1.468771,     31.4213
    678,  974.33, 3940.67,  751.33,          784,    1.459143,     31.1983
    679,  934.67, 3943.33,  751.33,          745,    1.894828,     30.5269
    680,  953.67, 3946.33,  751.33,          699,    0.251903,     30.7798
    680,  953.67, 3946.33,  751.33,          747,    0.362925,     30.7798
    681,  924.00, 3948.00,  752.00,          715,    2.327727,     30.4400
    681,  924.00, 3948.00,  752.00,          713,    0.876786,     30.4400
    682,  910.00, 3963.00,  752.00,          786,    1.490153,     30.6266
    682,  910.00, 3963.00,  752.00,          701,   -0.425576,     30.6266
    683,  964.33, 3967.33,  751.67,          791,    1.529520,     31.1164
    684,  924.00, 3970.00,  752.00,          720,    0.187910,     30.7273
    684,  924.00, 3970.00,  752.00,          817,    0.482696,     30.7273
    685,  885.00, 3973.00,  752.00,          749,    2.122602,     30.7657
    685,  885.00, 3973.00,  752.00,          703,   -0.758543,     30.7657
    686,  941.00, 3974.33,  751.33,          751,    4.929199,     31.1340
    687,  916.50, 3977.50,  751.50,          790,    0.235996,     30.9118
    687,  916.50, 3977.50,  751.50,          733,    1.278675,     30.9118
    688,  929.33, 3982.33,  751.33,          705,   -0.723619,     31.0904
    688,  929.33, 3982.33,  751.33,          723,    3.965149,     31.0904
    689,  892.88, 3983.50,  749.50,          845,    0.947886,     31.1905
    689,  892.88, 3983.50,  749.50,          703,    0.782877,     31.1905
    690,  955.00, 3983.00,  751.00,          706,   -0.391449,     31.1494
    690,  955.00, 3983.00,  751.00,          818,    3.980632,     31.1494
    691,  943.00, 3989.00,  752.00,          755,    2.860563,     31.0664
    692,  912.50, 3995.50,  750.50,          736,    0.114879,     31.2468
    692,  912.50, 3995.50,  750.50,          754,    2.308244,     31.2468
    693,  892.33, 3910.67,  752.33,          796,    0.838274,     29.5651
    694,  921.00, 3911.00,  753.00,          739,    1.247432,     30.6182
    695,  879.33, 3914.33,  752.33,          777,    0.676144,     29.5355
    696,  883.00, 3918.00,  753.00,          726,    0.738944,     29.6590
    697,  901.50, 3925.50,  752.50,          778,    0.580257,     30.0359
    698,  918.00, 3927.00,  753.00,          729,    2.851965,     30.2950
    699,  947.42, 3942.58,  750.33,          730,    3.808573,     30.6692
    700,  974.00, 3954.00,  753.00,          768,    2.475285,     31.1693
    701,  912.67, 3963.00,  752.67,          802,    0.661133,     30.6404
    702,  897.75, 3963.75,  752.00,          718,    0.600222,     30.5163
    702,  897.75, 3963.75,  752.00,          829,    0.520787,     30.5163
    702,  897.75, 3963.75,  752.00,          786,    0.037049,     30.5163
    703,  887.50, 3978.50,  752.50,          752,    0.909021,     30.8199
    704,  972.00, 3982.00,  753.00,          722,    1.356277,     31.7074
    705,  931.00, 3985.00,  753.00,          803,    1.184305,     31.1208
    705,  931.00, 3985.00,  753.00,          708,   -1.907925,     31.1208
    706,  959.67, 3988.67,  752.33,          753,    4.596261,     31.1838
    707,  924.00, 3992.00,  753.00,          803,    1.089027,     31.0796
    707,  924.00, 3992.00,  753.00,          725,   -0.307367,     31.0796
    708,  933.00, 3992.00,  753.00,          805,    1.326966,     31.2846
    709,  950.00, 3914.00,  754.00,          797,    0.033722,     31.0280
    710,  927.00, 3917.00,  754.00,          739,    0.600015,     30.6129
    711,  938.00, 3925.00,  754.00,          908,    0.802926,     30.7000
    711,  938.00, 3925.00,  754.00,          741,    1.115600,     30.7000
    712,  902.00, 3942.00,  754.00,          744,    2.208840,     30.2902
    712,  902.00, 3942.00,  754.00,          746,    0.838734,     30.2902
    713,  919.33, 3942.33,  753.67,          767,    3.978203,     30.3622
    714,  882.00, 3948.00,  754.00,          783,    1.003687,     30.2341
    714,  882.00, 3948.00,  754.00,          717,   -0.306251,     30.2341
    715,  924.00, 3949.00,  754.00,          748,    0.567850,     30.4321
    715,  924.00, 3949.00,  754.00,          828,    1.759872,     30.4321
    716,  919.00, 3950.60,  753.20,          748,    1.396181,     30.4803
    716,  919.00, 3950.60,  753.20,          786,   -0.078724,     30.4803
    717,  891.00, 3952.00,  754.00,          731,    0.346056,     30.4142
    718,  894.00, 3960.00,  754.00,          829,    3.244228,     30.3132
    719,  945.00, 3962.00,  754.00,          721,   -0.423678,     30.7020
    719,  945.00, 3962.00,  754.00,          770,    0.320295,     30.7020
    719,  945.00, 3962.00,  754.00,          789,    0.103383,     30.7020
    720,  928.00, 3966.00,  754.00,          817,    0.020976,     30.6600
    720,  928.00, 3966.00,  754.00,          771,    0.166932,     30.6600
    721,  949.00, 3968.00,  753.75,          816,    1.685323,     30.8845
    721,  949.00, 3968.00,  753.75,          773,    0.665048,     30.8845
    722,  967.50, 3977.00,  754.00,          791,    3.136316,     31.1568
    723,  928.67, 3979.33,  753.33,          792,    3.871435,     30.9190
    724,  907.67, 3992.00,  753.33,          734,    0.498295,     31.1128
    725,  921.00, 3996.00,  754.00,          754,    0.339809,     31.0981
    726,  883.00, 3918.00,  755.00,          777,    0.738932,     29.6567
    727,  893.33, 3923.00,  754.67,          779,    0.491521,     29.8065
    727,  893.33, 3923.00,  754.67,          778,    0.754580,     29.8065
    728,  909.67, 3922.33,  754.67,          729,   -0.708248,     30.0371
    728,  909.67, 3922.33,  754.67,          758,    0.708249,     30.0371
    729,  913.33, 3929.67,  754.67,          798,    2.254965,     30.1057
    730,  945.00, 3940.00,  755.00,          781,    4.190479,     30.5860
    730,  945.00, 3940.00,  755.00,          764,   -0.381906,     30.5860
    731,  893.67, 3951.33,  754.67,          826,    3.333539,     30.3557
    732,  939.50, 3952.00,  754.00,          800,    0.380123,     30.6092
    732,  939.50, 3952.00,  754.00,          788,   -0.010732,     30.6092
    732,  939.50, 3952.00,  754.00,          828,    2.063735,     30.6092
    733,  916.33, 3979.33,  754.67,          897,    0.564244,     30.8566
    733,  916.33, 3979.33,  754.67,          840,    0.714430,     30.8566
    734,  912.00, 3989.00,  755.00,          775,    4.198974,     30.9484
    735,  885.33, 3991.67,  754.67,          793,    0.588723,     30.5435
    735,  885.33, 3991.67,  754.67,         1018,    0.549308,     30.5435
    736,  910.00, 4002.00,  755.00,          776,    0.137381,     31.1900
    737,  892.33, 4002.67,  754.67,          756,    0.032219,     30.7136
    737,  892.33, 4002.67,  754.67,          868,    1.335254,     30.7136
    738,  959.33, 3911.67,  755.33,          797,    0.110632,     30.8339
    738,  959.33, 3911.67,  755.33,          759,   -0.110631,     30.8339
    739,  925.00, 3915.00,  756.00,          810,    1.847456,     30.5884
    740,  975.50, 3921.00,  755.50,          824,    0.117785,     31.4838
    741,  933.25, 3929.50,  756.00,          810,    1.248359,     30.6100
    741,  933.25, 3929.50,  756.00,          762,   -0.970832,     30.6100
    742,  954.00, 3933.00,  756.00,          765,   -2.275035,     30.8173
    742,  954.00, 3933.00,  756.00,          764,    3.285040,     30.8173
    743,  899.50, 3937.50,  755.50,          744,   -1.238548,     30.0079
    743,  899.50, 3937.50,  755.50,          799,    0.380503,     30.0079
    743,  899.50, 3937.50,  755.50,          813,    2.424035,     30.0079
    744,  900.00, 3940.00,  756.00,          835,    0.970293,     30.2000
    745,  935.00, 3941.00,  756.00,          834,    1.551151,     30.4101
    745,  935.00, 3941.00,  756.00,          931,    0.343675,     30.4101
    746,  907.50, 3943.50,  755.50,          860,    1.804130,     30.2319
    746,  907.50, 3943.50,  755.50,          766,   -0.041295,     30.2319
    747,  958.00, 3946.00,  756.00,          785,   -1.777726,     30.7525
    747,  958.00, 3946.00,  756.00,          814,    2.405312,     30.7525
    748,  922.00, 3950.00,  756.00,          827,    1.964030,     30.4120
    749,  886.25, 3964.75,  755.25,          772,    0.853321,     30.5415
    749,  886.25, 3964.75,  755.25,          829,    2.532591,     30.5415
    750,  893.60, 3973.00,  755.00,          772,    0.445648,     30.7071
    750,  893.60, 3973.00,  755.00,          841,    2.837852,     30.7071
    750,  893.60, 3973.00,  755.00,          752,   -0.181384,     30.7071
    751,  939.40, 3973.00,  755.00,          894,    0.668753,     30.8890
    751,  939.40, 3973.00,  755.00,          789,    2.717919,     30.8890
    751,  939.40, 3973.00,  755.00,          774,    1.542527,     30.8890
    752,  888.33, 3977.67,  755.67,          793,    0.727635,     30.7837
    753,  963.00, 3989.00,  756.00,          831,    3.754699,     30.9147
    753,  963.00, 3989.00,  756.00,          820,    0.841560,     30.9147
    754,  916.50, 3994.00,  755.00,          775,    0.804396,     31.0780
    754,  916.50, 3994.00,  755.00,          794,    1.843658,     31.0780
    755,  941.00, 3993.00,  756.00,          821,    1.176479,     30.8640
    755,  941.00, 3993.00,  756.00,          805,    1.684083,     30.8640
    756,  900.00, 3998.00,  756.00,          804,    1.208387,     30.6961
    757,  900.00, 3913.00,  757.00,          796,    1.187042,     29.5422
    757,  900.00, 3913.00,  757.00,          795,   -0.350151,     29.5422
    758,  911.00, 3919.00,  757.00,          848,    2.996693,     30.0014
    758,  911.00, 3919.00,  757.00,          832,    0.714841,     30.0014
    759,  966.00, 3923.00,  757.00,          761,   -1.009365,     30.8512
    759,  966.00, 3923.00,  757.00,          824,    0.898732,     30.8512
    760,  883.00, 3930.75,  756.75,          812,    0.809215,     29.6977
    760,  883.00, 3930.75,  756.75,          779,   -0.185809,     29.6977
    760,  883.00, 3930.75,  756.75,          780,   -0.243110,     29.6977
    761,  964.33, 3931.67,  757.00,          765,    0.273405,     30.8844
    762,  942.33, 3933.33,  757.00,          834,    0.929507,     30.6459
    762,  942.33, 3933.33,  757.00,          763,   -1.900338,     30.6459
    763,  945.00, 3934.00,  757.00,          764,   -2.903140,     30.7075
    763,  945.00, 3934.00,  757.00,          834,    1.002796,     30.7075
    765,  961.00, 3935.00,  757.00,          782,   -2.001628,     30.8796
    766,  911.00, 3941.25,  756.00,          767,   -1.066477,     30.2340
    766,  911.00, 3941.25,  756.00,          825,    0.644248,     30.2340
    767,  916.67, 3942.00,  756.33,          851,    2.911730,     30.3060
    768,  976.00, 3950.00,  757.00,          784,    2.475279,     31.1139
    769,  919.33, 3958.33,  756.67,          836,    1.152512,     30.8503
    769,  919.33, 3958.33,  756.67,          787,    0.449600,     30.8503
    770,  946.33, 3959.67,  756.67,          816,   -0.634191,     30.6297
    770,  946.33, 3959.67,  756.67,          800,    0.954487,     30.6297
    771,  929.33, 3964.33,  756.67,          788,    0.040976,     30.6260
    771,  929.33, 3964.33,  756.67,          817,    0.224791,     30.6260
    771,  929.33, 3964.33,  756.67,          787,   -0.098834,     30.6260
    772,  888.00, 3968.00,  757.00,          830,    1.298971,     30.5004
    773,  950.00, 3972.00,  757.00,          865,    0.537639,     30.6761
    773,  950.00, 3972.00,  757.00,          818,    0.127409,     30.6761
    774,  937.67, 3978.67,  756.67,          843,    2.374632,     30.7769
    774,  937.67, 3978.67,  756.67,          792,   -0.832105,     30.7769
    775,  914.67, 3988.67,  756.33,          921,    3.137150,     30.7998
    775,  914.67, 3988.67,  756.33,          844,    1.866222,     30.7998
    776,  915.67, 4007.33,  757.00,          823,    2.947251,     31.1770
    777,  881.00, 3916.00,  757.50,          904,    1.415074,     29.4902
    778,  897.00, 3922.00,  758.00,          811,    1.334835,     29.7615
    779,  887.67, 3927.67,  757.67,          968,    0.305711,     29.7605
    780,  884.33, 3935.67,  758.00,          813,    0.760577,     29.7738
    780,  884.33, 3935.67,  758.00,          783,   -1.003687,     29.7738
    781,  946.33, 3941.33,  757.67,          834,    3.366447,     30.5350
    781,  946.33, 3941.33,  757.67,          814,    0.824031,     30.5350
    782,  963.33, 3942.67,  758.00,          784,   -3.934423,     30.9400
    782,  963.33, 3942.67,  758.00,          785,    1.932789,     30.9400
    785,  960.00, 3947.00,  758.00,          815,    0.155062,     30.8154
    786,  904.60, 3961.00,  756.60,          801,    1.153932,     30.4970
    786,  904.60, 3961.00,  756.60,          837,    0.294545,     30.4970
    787,  925.33, 3962.33,  758.00,          817,    0.350766,     30.6535
    788,  932.00, 3964.00,  758.00,          938,    0.030243,     30.6186
    789,  942.00, 3967.00,  758.00,          865,    2.821302,     30.6584
    790,  907.83, 3973.83,  756.33,          802,    0.251544,     30.7627
    790,  907.83, 3973.83,  756.33,          819,    0.817873,     30.7627
    790,  907.83, 3973.83,  756.33,          864,    0.977008,     30.7627
    790,  907.83, 3973.83,  756.33,          893,    0.840742,     30.7627
    791,  965.00, 3974.00,  758.00,          941,    4.665839,     30.9501
    792,  933.00, 3978.00,  758.00,          842,    3.039329,     30.8250
    793,  885.00, 3987.00,  758.00,          866,    1.316359,     30.3416
    794,  920.00, 3997.00,  758.00,          808,    0.786827,     31.0401
    794,  920.00, 3997.00,  758.00,          823,    1.056830,     31.0401
    795,  904.00, 3913.00,  759.00,          848,   -0.350153,     29.6357
    796,  896.33, 3914.00,  758.67,          849,    2.025316,     29.4841
    797,  955.67, 3914.33,  758.33,          887,    0.144353,     30.7980
    798,  908.00, 3933.00,  759.00,          825,   -0.277179,     29.9026
    798,  908.00, 3933.00,  759.00,          833,    2.532143,     29.9026
    799,  902.17, 3934.83,  758.17,          833,    0.380503,     29.9029
    800,  944.00, 3956.00,  759.00,          875,    1.334609,     30.5741
    801,  902.00, 3965.00,  759.00,          863,    1.460865,     30.1292
    801,  902.00, 3965.00,  759.00,          864,   -0.306934,     30.1292
    802,  916.33, 3966.00,  757.33,          853,    0.350698,     30.5885
    802,  916.33, 3966.00,  757.33,          817,    0.561979,     30.5885
    803,  927.33, 3988.33,  758.33,          847,    2.273333,     30.6062
    804,  902.33, 3995.67,  758.67,          846,    1.086762,     30.6357
    804,  902.33, 3995.67,  758.67,          946,    0.121628,     30.6357
    805,  934.50, 3996.50,  758.50,          882,    1.164801,     30.7093
    805,  934.50, 3996.50,  758.50,          806,    1.846248,     30.7093
    806,  932.00, 3998.00,  759.00,          847,    1.402745,     30.6449
    806,  932.00, 3998.00,  759.00,          808,    0.443505,     30.6449
    807,  969.00, 3999.00,  759.00,          822,    0.154004,     30.1391
    807,  969.00, 3999.00,  759.00,          867,    1.045883,     30.1391
    808,  929.67, 4000.33,  759.00,          983,    1.230333,     30.5576
    809,  951.67, 4006.67,  758.33,          855,   -0.016083,     29.6995
    809,  951.67, 4006.67,  758.33,          923,    0.016082,     29.6995
    810,  928.50, 3919.50,  760.00,          832,    0.898115,     30.4367
    810,  928.50, 3919.50,  760.00,          872,    2.197699,     30.4367
    811,  899.00, 3921.00,  760.00,          849,    1.196769,     29.7143
    811,  899.00, 3921.00,  760.00,          873,    0.138063,     29.7143
    812,  878.17, 3924.67,  759.50,          907,    0.809216,     29.6190
    813,  890.00, 3938.00,  759.00,          850,    3.940516,     29.7182
    814,  951.00, 3944.00,  760.00,          861,    3.229344,     30.5169
    815,  964.00, 3953.00,  760.00,          934,    1.035003,     30.8017
    816,  954.00, 3963.00,  760.00,          838,    1.051131,     30.6970
    817,  923.83, 3967.67,  758.17,          878,    1.641208,     30.5373
    818,  953.33, 3977.67,  759.67,          895,    2.519598,     30.6654
    818,  953.33, 3977.67,  759.67,          843,    1.588441,     30.6654
    819,  907.25, 3983.25,  759.50,          846,    0.321104,     30.6667
    819,  907.25, 3983.25,  759.50,          844,    1.305025,     30.6667
    820,  953.00, 3990.00,  760.00,          944,    1.136205,     30.3712
    820,  953.00, 3990.00,  760.00,          821,   -0.294645,     30.3712
    821,  944.33, 3993.00,  759.33,          920,    0.881835,     30.5330
    823,  919.00, 4003.00,  760.00,          883,    4.004081,     30.9603
    824,  971.67, 3922.00,  760.33,          858,    1.016517,     30.7807
    825,  911.00, 3938.00,  761.00,          911,    0.367070,     30.0046
    826,  896.00, 3951.00,  761.00,          933,    1.716870,     30.0901
    826,  896.00, 3951.00,  761.00,          835,    1.616668,     30.0901
    827,  921.00, 3952.00,  761.00,          914,    2.554681,     30.2851
    827,  921.00, 3952.00,  761.00,          836,   -0.590652,     30.2851
    828,  932.00, 3952.00,  761.00,          956,    3.823603,     30.3595
    829,  894.14, 3960.57,  759.00,          890,    0.657464,     30.2522
    829,  894.14, 3960.57,  759.00,          876,    3.551556,     30.2522
    829,  894.14, 3960.57,  759.00,          835,    2.088587,     30.2522
    830,  886.67, 3968.00,  760.67,          936,    0.763313,     30.4407
    830,  886.67, 3968.00,  760.67,          839,    0.535658,     30.4407
    831,  972.00, 3990.00,  761.00,          867,    3.754701,     30.4567
    832,  919.33, 3922.33,  761.33,          859,    1.612957,     29.9174
    833,  905.00, 3932.00,  760.75,          968,    2.687076,     29.7947
    833,  905.00, 3932.00,  760.75,          873,    0.225569,     29.7947
    834,  941.00, 3938.67,  761.33,          909,    6.849904,     30.2572
    835,  893.00, 3952.00,  762.00,          852,    0.261929,     30.0269
    835,  893.00, 3952.00,  762.00,          874,    4.413618,     30.0269
    836,  921.00, 3954.00,  762.00,          862,    0.561859,     30.3640
    837,  908.33, 3963.33,  761.33,          853,   -0.230647,     30.3834
    837,  908.33, 3963.33,  761.33,          864,    0.525193,     30.3834
    838,  954.67, 3965.67,  761.67,          941,    0.790787,     30.4951
    838,  954.67, 3965.67,  761.67,          861,    0.260346,     30.4951
    839,  882.00, 3968.00,  762.00,          937,    0.535659,     30.4100
    840,  919.00, 3975.00,  762.00,          880,    0.508526,     30.4760
    840,  919.00, 3975.00,  762.00,          891,    0.205902,     30.4760
    841,  898.00, 3977.00,  762.00,          879,    3.656330,     30.3998
    841,  898.00, 3977.00,  762.00,          845,   -0.818479,     30.3998
    842,  933.33, 3976.67,  761.67,          919,    2.597016,     30.6847
    842,  933.33, 3976.67,  761.67,          894,    0.442312,     30.6847
    843,  945.50, 3978.50,  762.00,          865,    1.448010,     30.5115
    843,  945.50, 3978.50,  762.00,          920,    2.515065,     30.5115
    844,  910.00, 3984.00,  762.00,          918,    3.171247,     30.6083
    845,  897.83, 3983.67,  761.33,          866,    1.086650,     30.4645
    845,  897.83, 3983.67,  761.33,          846,   -0.957240,     30.4645
    846,  901.50, 3987.50,  761.50,          945,    0.450624,     30.5244
    847,  927.50, 3990.50,  762.00,          897,    1.548936,     30.4919
    847,  927.50, 3990.50,  762.00,          898,    2.127141,     30.4919
    848,  906.00, 3912.50,  762.50,          857,    2.646541,     29.6525
    849,  896.00, 3918.00,  763.00,          904,    0.817195,     29.3430
    849,  896.00, 3918.00,  763.00,         1129,    2.404891,     29.3430
    850,  890.33, 3939.33,  762.67,          888,    3.922139,     29.6606
    850,  890.33, 3939.33,  762.67,          874,    0.018372,     29.6606
    851,  917.00, 3942.33,  762.67,          912,    2.668496,     30.0879
    851,  917.00, 3942.33,  762.67,          914,    0.243234,     30.0879
    852,  887.33, 3956.33,  762.33,          890,    0.261929,     29.9152
    853,  914.67, 3964.33,  762.33,          957,    0.120051,     30.4728
    854,  977.00, 3965.00,  763.00,          934,    0.000001,     30.6605
    854,  977.00, 3965.00,  763.00,          877,    0.000000,     30.6605
    855,  960.00, 4006.00,  763.00,          900,   -0.016082,     29.7087
    856,  887.00, 3910.00,  764.00,          870,    0.280370,     29.1807
    856,  887.00, 3910.00,  764.00,          885,   -0.280370,     29.1807
    857,  908.00, 3914.00,  764.00,         1011,    2.597875,     29.5615
    857,  908.00, 3914.00,  764.00,          901,    0.048663,     29.5615
    858,  976.33, 3921.33,  763.33,          928,    0.858177,     30.4416
    858,  976.33, 3921.33,  763.33,          926,    0.158342,     30.4416
    859,  919.00, 3925.00,  764.00,          929,   -1.440004,     29.5526
    859,  919.00, 3925.00,  764.00,          984,    3.052963,     29.5526
    860,  905.00, 3947.00,  764.00,          889,    1.137005,     30.0293
    860,  905.00, 3947.00,  764.00,          953,    0.667128,     30.0293
    861,  953.50, 3948.50,  763.50,          875,    0.552901,     30.4419
    861,  953.50, 3948.50,  763.50,         1073,    2.936787,     30.4419
    862,  923.00, 3956.00,  764.00,          955,    0.005526,     30.2478
    862,  923.00, 3956.00,  764.00,         1003,    0.556334,     30.2478
    863,  898.00, 3964.00,  764.00,          916,   -0.177030,     30.0175
    863,  898.00, 3964.00,  764.00,          876,    1.637897,     30.0175
    864,  904.80, 3967.20,  762.20,          916,    0.466555,     30.2169
    864,  904.80, 3967.20,  762.20,          939,    0.728712,     30.2169
    865,  944.33, 3972.00,  763.67,         1029,    5.230685,     30.3952
    865,  944.33, 3972.00,  763.67,          892,   -0.423736,     30.3952
    866,  889.20, 3987.80,  762.80,          881,    1.933292,     29.8364
    866,  889.20, 3987.80,  762.80,          917,   -0.340121,     29.8364
    866,  889.20, 3987.80,  762.80,          981,    0.809839,     29.8364
    867,  966.00, 3996.00,  764.00,          900,    4.800585,     30.0582
    868,  893.00, 4003.00,  764.00,          947,    0.643224,     29.9673
    868,  893.00, 4003.00,  764.00,          964,    0.692031,     29.9673
    869,  960.00, 3908.00,  765.00,          887,    0.104197,     30.3279
    870,  883.00, 3909.00,  765.00,         1022,    0.280369,     29.1097
    871,  935.00, 3920.00,  765.00,          965,    1.411094,     29.7913
    871,  935.00, 3920.00,  765.00,          967,   -1.244449,     29.7913
    871,  935.00, 3920.00,  765.00,          872,   -0.166645,     29.7913
    872,  930.33, 3920.67,  764.33,          995,    2.031057,     29.8007
    873,  908.33, 3926.67,  764.67,         1012,    0.363633,     29.6950
    874,  889.00, 3947.00,  765.00,          913,    4.431987,     29.6588
    875,  948.00, 3948.00,  765.00,          954,    1.887513,     30.4046
    876,  896.00, 3963.00,  765.00,          915,    5.189459,     29.9702
    877,  977.00, 3966.00,  765.00,          934,    0.000001,     30.6605
    878,  923.33, 3969.33,  764.67,          891,   -0.040107,     30.4071
    878,  923.33, 3969.33,  764.67,          957,   -0.031064,     30.4071
    878,  923.33, 3969.33,  764.67,          935,    1.712380,     30.4071
    879,  898.00, 3975.00,  765.00,          917,    2.863702,     30.2443
    879,  898.00, 3975.00,  765.00,          939,    0.792628,     30.2443
    880,  918.00, 3978.00,  765.00,          918,    0.560293,     30.3436
    880,  918.00, 3978.00,  765.00,          896,   -0.051767,     30.3436
    881,  879.00, 3984.00,  765.00,         1045,    1.933292,     29.5832
    882,  939.00, 4003.00,  764.25,          963,   -0.410726,     30.0295
    882,  939.00, 4003.00,  764.25,          948,    1.575525,     30.0295
    883,  917.00, 4004.00,  765.00,          946,    0.959407,     30.7017
    883,  917.00, 4004.00,  765.00,          983,    3.044674,     30.7017
    884,  927.00, 3910.00,  766.00,          886,    0.426768,     29.2580
    884,  927.00, 3910.00,  766.00,          994,   -0.426770,     29.2580
    885,  890.00, 3913.00,  766.00,          904,   -0.983803,     29.2592
    885,  890.00, 3913.00,  766.00,          992,    0.703430,     29.2592
    886,  924.00, 3913.00,  766.00,          995,    0.475432,     29.1499
    886,  924.00, 3913.00,  766.00,          901,   -0.048663,     29.1499
    887,  959.50, 3914.50,  765.50,          924,    0.187967,     29.6771
    887,  959.50, 3914.50,  765.50,          950,    0.060584,     29.6771
    888,  893.33, 3940.33,  765.67,          913,    1.280739,     29.5968
    888,  893.33, 3940.33,  765.67,          910,    2.641396,     29.5968
    889,  906.00, 3949.00,  766.00,          932,   -0.228343,     29.9890
    889,  906.00, 3949.00,  766.00,          933,    1.365348,     29.9890
    890,  888.33, 3958.33,  765.33,         1004,    0.919392,     29.9037
    891,  921.67, 3972.67,  765.33,          942,    0.165796,     30.4162
    892,  942.00, 3974.00,  766.00,         1006,    1.837238,     30.4145
    892,  942.00, 3974.00,  766.00,          894,   -2.260971,     30.4145
    893,  910.33, 3974.33,  765.67,          918,   -0.560564,     30.2771
    893,  910.33, 3974.33,  765.67,          959,    1.401304,     30.2771
    894,  938.43, 3974.29,  764.00,          919,   -1.149907,     30.5239
    895,  961.00, 3979.00,  766.00,          977,    5.551613,     30.3673
    895,  961.00, 3979.00,  766.00,          941,   -3.032017,     30.3673
    896,  920.00, 3980.00,  766.00,          897,   -0.027563,     30.3529
    896,  920.00, 3980.00,  766.00,          942,   -0.024204,     30.3529
    897,  923.00, 3986.50,  765.50,          962,    2.085616,     30.3647
    898,  933.00, 3989.00,  766.00,          943,   -0.187438,     30.3172
    898,  933.00, 3989.00,  766.00,          980,    2.314580,     30.3172
    899,  884.00, 3999.00,  766.00,          964,   -0.243449,     29.7122
    899,  884.00, 3999.00,  766.00,          981,    0.243448,     29.7122
    900,  963.00, 4001.00,  765.67,         1019,    3.109712,     29.7149
    900,  963.00, 4001.00,  765.67,          922,    1.674794,     29.7149
    902,  946.67, 3910.67,  766.33,          925,   -0.819969,     29.7341
    902,  946.67, 3910.67,  766.33,          903,    0.819967,     29.7341
    903,  944.00, 3913.00,  767.00,          965,    0.819968,     29.7231
    904,  890.00, 3917.00,  766.75,          966,    1.248463,     29.2742
    905,  954.67, 3918.33,  767.00,          927,   -0.104767,     29.7226
    905,  954.67, 3918.33,  767.00,          925,   -1.223841,     29.7226
    905,  954.67, 3918.33,  767.00,          924,    1.328611,     29.7226
    906,  951.33, 3921.67,  766.67,         1033,   -0.217378,     29.7744
    906,  951.33, 3921.67,  766.67,          925,    2.043803,     29.7744
    907,  884.50, 3927.67,  766.17,          966,   -0.959327,     29.1518
    907,  884.50, 3927.67,  766.17,          970,    1.768545,     29.1518
    908,  946.50, 3932.00,  766.75,          998,   -0.055462,     29.8925
    908,  946.50, 3932.00,  766.75,         1033,    0.987687,     29.8925
    908,  946.50, 3932.00,  766.75,          952,   -0.129298,     29.8925
    909,  940.00, 3935.00,  767.00,          967,    6.806318,     30.0828
    909,  940.00, 3935.00,  767.00,          930,    0.043585,     30.0828
    910,  897.33, 3936.67,  767.00,          968,    4.537835,     29.5418
    910,  897.33, 3936.67,  767.00,          953,   -1.896441,     29.5418
    911,  914.00, 3938.00,  767.00,          912,   -1.060885,     29.8576
    911,  914.00, 3938.00,  767.00,          972,    1.427958,     29.8576
    912,  917.00, 3938.00,  767.00,          951,    1.607614,     29.8951
    913,  891.00, 3946.00,  767.00,          976,    5.712726,     29.5020
    914,  916.00, 3950.00,  766.00,          932,    0.684954,     30.0637
    914,  916.00, 3950.00,  766.00,         1002,    0.868151,     30.0637
    914,  916.00, 3950.00,  766.00,          985,    1.244809,     30.0637
    915,  894.00, 3963.00,  767.00,          936,   -0.431025,     29.9154
    915,  894.00, 3963.00,  767.00,         1004,    5.620473,     29.9154
    916,  901.75, 3965.25,  766.25,          939,   -0.275075,     30.0656
    916,  901.75, 3965.25,  766.25,          958,    0.564598,     30.0656
    917,  895.33, 3975.33,  767.00,          936,    0.094197,     30.1312
    917,  895.33, 3975.33,  767.00,         1059,    2.429384,     30.1312
    918,  913.50, 3978.50,  766.50,         1015,    3.170976,     30.3121
    919,  935.00, 3977.00,  766.33,          960,    0.968296,     30.5326
    919,  935.00, 3977.00,  766.33,          943,    0.478814,     30.5326
    920,  947.00, 3986.25,  766.75,          944,    3.128223,     30.4251
    920,  947.00, 3986.25,  766.75,          961,    0.268676,     30.4251
    921,  915.00, 3994.00,  767.00,         1048,    2.277592,     30.3585
    921,  915.00, 3994.00,  767.00,         1050,    0.859559,     30.3585
    922,  959.00, 3999.00,  767.00,         1007,    2.651431,     29.6857
    922,  959.00, 3999.00,  767.00,          923,   -0.976631,     29.6857
    923,  956.00, 4001.00,  767.00,          982,   -0.960554,     29.6989
    924,  957.00, 3916.00,  768.00,         1148,    1.516579,     29.6686
    926,  974.00, 3921.00,  768.00,          950,    0.970808,     29.6509
    926,  974.00, 3921.00,  768.00,          928,   -0.812466,     29.6509
    927,  965.00, 3930.00,  768.00,          996,   -0.048039,     29.7419
    927,  965.00, 3930.00,  768.00,          971,   -0.056726,     29.7419
    928,  974.12, 3928.38,  767.38,          996,    0.569925,     30.0102
    928,  974.12, 3928.38,  767.38,          969,    0.944557,     30.0102
    929,  926.33, 3931.33,  767.33,          997,    1.378707,     29.7266
    929,  926.33, 3931.33,  767.33,          967,   -1.832791,     29.7266
    929,  926.33, 3931.33,  767.33,          951,   -0.985922,     29.7266
    930,  941.00, 3937.00,  768.00,          973,   -1.133359,     29.9808
    930,  941.00, 3937.00,  768.00,          952,    1.176947,     29.9808
    931,  927.00, 3947.00,  768.00,          975,    0.373110,     30.0896
    931,  927.00, 3947.00,  768.00,          955,   -0.029434,     30.0896
    932,  908.00, 3949.00,  768.00,          972,    0.456615,     29.9967
    933,  902.00, 3952.00,  768.00,         1072,    3.082212,     29.9023
    934,  971.00, 3959.00,  767.00,         1005,    1.035004,     30.6605
    935,  928.00, 3966.00,  768.00,         1014,    2.189009,     30.2732
    935,  928.00, 3966.00,  768.00,          938,   -0.476626,     30.2732
    936,  891.00, 3969.00,  767.00,         1094,    0.426485,     30.0880
    937,  880.25, 3968.75,  767.00,         1094,    0.535658,     30.3762
    938,  930.33, 3969.33,  767.67,          940,   -0.446381,     30.2961
    939,  904.67, 3970.00,  768.00,          959,   -0.627152,     30.1615
    939,  904.67, 3970.00,  768.00,          958,    1.873417,     30.1615
    940,  929.67, 3972.67,  768.00,          960,   -0.304787,     30.3141
    940,  929.67, 3972.67,  768.00,          942,   -0.141592,     30.3141
    941,  966.25, 3974.00,  767.00,          988,    2.424605,     30.4501
    943,  938.00, 3983.00,  768.00,          961,    0.291376,     30.3350
    944,  951.00, 3988.00,  768.00,          979,    4.264427,     30.2576
    945,  905.33, 3988.33,  767.67,          989,    0.126599,     30.3278
    945,  905.33, 3988.33,  767.67,         1017,    0.324025,     30.3278
    946,  909.65, 4005.88,  764.65,          991,    1.081035,     30.6157
    947,  895.00, 4003.00,  768.00,         1018,    0.476361,     29.7955
    947,  895.00, 4003.00,  768.00,          964,    0.166864,     29.7955
    948,  951.00, 4003.00,  768.00,          982,    1.575520,     29.7959
    949,  900.33, 3908.67,  769.00,         1010,    0.263356,     29.0723
    949,  900.33, 3908.67,  769.00,          993,   -0.263357,     29.0723
    950,  974.50, 3918.50,  769.00,         1023,    1.031390,     29.6196
    951,  919.00, 3936.00,  769.00,         1012,    0.621691,     29.8295
    952,  944.33, 3936.67,  768.33,         1033,    1.047646,     29.9341
    953,  903.67, 3940.33,  768.33,         1090,    0.452834,     29.7081
    953,  903.67, 3940.33,  768.33,          972,   -1.682148,     29.7081
    954,  941.33, 3947.67,  768.67,          956,   -0.144191,     30.2351
    954,  941.33, 3947.67,  768.67,          974,    2.031698,     30.2351
    955,  928.33, 3950.67,  768.67,          986,   -0.023908,     30.2010
    956,  935.50, 3953.50,  768.50,         1014,    3.082264,     30.2395
    956,  935.50, 3953.50,  768.50,          986,    0.597155,     30.2395
    957,  919.80, 3965.60,  767.80,         1074,    0.088987,     30.4183
    958,  905.00, 3965.33,  768.67,         1028,    2.438012,     30.0570
    959,  907.00, 3971.00,  769.00,         1042,    0.774151,     30.1817
    960,  933.00, 3976.00,  769.00,         1060,    0.663508,     30.3314
    961,  940.00, 3983.00,  769.00,         1098,    0.560052,     30.2961
    962,  922.00, 3986.00,  769.00,         1082,    1.460861,     30.2743
    962,  922.00, 3986.00,  769.00,         1016,    0.624756,     30.2743
    963,  934.00, 4002.00,  769.00,         1008,    1.283451,     30.2004
    963,  934.00, 4002.00,  769.00,          983,   -1.694178,     30.2004
    964,  890.00, 4005.75,  767.75,         1061,    0.615446,     29.7386
    965,  939.33, 3915.67,  769.33,         1052,    2.231062,     29.6664
    966,  890.00, 3924.00,  770.00,         1025,    0.289139,     29.2382
    967,  938.00, 3932.00,  768.75,          998,    3.729078,     29.9810
    968,  898.40, 3932.60,  768.80,         1135,   -0.084264,     29.4643
    968,  898.40, 3932.60,  768.80,         1025,    7.614885,     29.4643
    969,  976.50, 3932.50,  769.50,          999,    0.944557,     29.7165
    970,  880.80, 3935.20,  769.80,         1132,    0.464485,     28.9611
    970,  880.80, 3935.20,  769.80,         1055,    1.304058,     28.9611
    971,  963.00, 3935.00,  770.00,         1013,    1.002104,     29.7457
    971,  963.00, 3935.00,  770.00,         1000,   -0.685097,     29.7457
    971,  963.00, 3935.00,  770.00,         1054,   -0.373735,     29.7457
    972,  907.00, 3939.40,  769.40,         1135,    0.202423,     29.7308
    973,  938.00, 3940.00,  770.00,         1069,    0.321799,     30.0435
    973,  938.00, 3940.00,  770.00,          974,   -1.455155,     30.0435
    974,  938.00, 3944.00,  770.00,         1069,    0.576542,     30.1121
    975,  923.00, 3946.00,  770.00,         1105,    0.293956,     29.9875
    975,  923.00, 3946.00,  770.00,          985,    0.079153,     29.9875
    976,  888.67, 3947.33,  769.67,         1034,    4.389900,     29.2471
    976,  888.67, 3947.33,  769.67,         1056,    1.322826,     29.2471
    977,  957.17, 3981.50,  769.50,          978,    2.115142,     30.2480
    977,  957.17, 3981.50,  769.50,         1031,    3.071554,     30.2480
    977,  957.17, 3981.50,  769.50,          987,    0.364917,     30.2480
    978,  954.00, 3985.00,  770.00,          979,   -0.453134,     30.1296
    978,  954.00, 3985.00,  770.00,         1043,    2.568271,     30.1296
    979,  952.00, 3987.00,  770.00,         1083,    3.811295,     30.1344
    980,  935.00, 3993.00,  770.00,         1008,    1.316799,     30.1535
    980,  935.00, 3993.00,  770.00,         1082,    0.997782,     30.1535
    981,  884.67, 3998.33,  769.67,         1049,    0.303254,     29.7088
    981,  884.67, 3998.33,  769.67,         1047,    0.750033,     29.7088
    982,  953.67, 4002.33,  769.33,         1009,    0.614965,     29.7391
    983,  924.75, 4003.75,  769.00,         1050,    2.580829,     30.3884
    984,  916.00, 3920.50,  769.75,          995,    0.524981,     29.2684
    984,  916.00, 3920.50,  769.75,         1011,    0.756223,     29.2684
    984,  916.00, 3920.50,  769.75,         1149,    1.771756,     29.2684
    985,  919.00, 3947.00,  771.00,         1071,    1.323964,     29.9675
    986,  932.00, 3952.00,  771.00,         1091,    0.573248,     30.2075
    987,  950.00, 3974.00,  771.00,         1006,   -0.265164,     30.2029
    987,  950.00, 3974.00,  771.00,         1030,    0.630080,     30.2029
    988,  975.00, 3978.00,  771.00,         1077,    2.424606,     30.3559
    989,  901.00, 3988.00,  771.00,         1081,   -0.044808,     29.6655
    989,  901.00, 3988.00,  771.00,         1084,    0.171405,     29.6655
    990,  976.67, 3999.33,  771.00,         1019,   -4.709590,     29.0500
    991,  906.00, 4003.00,  771.00,         1048,   -0.124293,     30.1078
    991,  906.00, 4003.00,  771.00,         1021,    1.205327,     30.1078
    992,  891.00, 3910.00,  772.00,         1010,    0.703428,     28.9744
    993,  904.00, 3910.00,  772.00,         1032,   -0.263354,     29.1496
    994,  931.25, 3909.25,  772.00,         1062,    1.343942,     29.2952
    994,  931.25, 3909.25,  772.00,         1052,   -1.770712,     29.2952
    995,  927.00, 3919.00,  770.57,         1053,    6.288657,     28.9195
    995,  927.00, 3919.00,  770.57,         1024,   -1.959927,     28.9195
    995,  927.00, 3919.00,  770.57,          997,   -1.297258,     28.9195
    996,  969.00, 3926.00,  772.00,         1103,    0.521887,     29.7618
    997,  928.00, 3928.00,  772.00,         1118,    0.081447,     29.6295
    998,  941.00, 3931.00,  772.00,         1026,    3.673611,     29.9179
    999,  975.00, 3933.00,  772.00,         1150,    1.128250,     29.5497
    999,  975.00, 3933.00,  772.00,         1013,   -0.183694,     29.5497
   1000,  961.00, 3938.00,  772.00,         1035,   -0.694344,     29.7791
   1000,  961.00, 3938.00,  772.00,         1054,    0.009248,     29.7791
   1001,  974.00, 3945.00,  772.00,         1067,    1.417813,     29.6774
   1001,  974.00, 3945.00,  772.00,         1036,   -1.417812,     29.6774
   1002,  918.00, 3956.00,  772.00,         1003,   -0.047373,     29.9745
   1002,  918.00, 3956.00,  772.00,         1027,    0.915525,     29.9745
   1003,  921.67, 3957.33,  771.67,         1138,    0.508960,     29.9856
   1004,  892.75, 3961.00,  770.75,         1057,    0.278881,     29.8225
   1004,  892.75, 3961.00,  770.75,         1039,    6.260989,     29.8225
   1005,  971.00, 3963.00,  772.00,         1037,    0.716110,     30.2648
   1005,  971.00, 3963.00,  772.00,         1075,    0.318893,     30.2648
   1006,  945.50, 3976.17,  770.50,         1043,    0.799704,     30.2824
   1006,  945.50, 3976.17,  770.50,         1076,    0.772370,     30.2824
   1007,  962.00, 3995.25,  771.25,         1031,   -1.932085,     29.6223
   1007,  962.00, 3995.25,  771.25,         1160,    2.103014,     29.6223
   1007,  962.00, 3995.25,  771.25,         1019,    2.480509,     29.6223
   1008,  936.33, 3998.33,  771.33,         1020,    2.600251,     30.1257
   1009,  953.00, 4003.00,  772.00,         1212,    0.614968,     29.7327
   1010,  894.00, 3912.00,  773.00,         1063,    0.966785,     28.9434
   1011,  913.00, 3918.00,  773.00,         1032,    3.354104,     29.2231
   1012,  917.50, 3932.50,  772.50,         1135,    0.579935,     29.6375
   1012,  917.50, 3932.50,  772.50,         1065,    0.405388,     29.6375
   1013,  972.00, 3939.00,  773.00,         1067,    0.818410,     29.6241
   1014,  938.00, 3958.00,  773.00,         1040,    5.271280,     30.1609
   1015,  910.67, 3980.33,  771.50,         1079,    0.383369,     30.0866
   1015,  910.67, 3980.33,  771.50,         1017,   -0.209320,     30.0866
   1015,  910.67, 3980.33,  771.50,         1080,    2.996924,     30.0866
   1016,  920.00, 3984.00,  773.00,         1017,   -0.156152,     30.0916
   1016,  920.00, 3984.00,  773.00,         1044,    0.780909,     30.0916
   1017,  912.00, 3987.00,  772.00,         1048,   -0.041448,     30.1718
   1018,  899.00, 4000.00,  772.50,         1101,    2.230999,     29.7578
   1018,  899.00, 4000.00,  772.50,         1021,   -1.205329,     29.7578
   1019,  972.60, 3999.60,  772.20,         1051,    0.880632,     29.2860
   1020,  939.50, 4000.50,  773.00,         1114,    0.443245,     29.9973
   1020,  939.50, 4000.50,  773.00,         1100,    2.157006,     29.9973
   1022,  883.67, 3913.67,  773.67,         1199,    0.280370,     28.9446
   1023,  977.33, 3915.67,  773.33,         1115,    1.031390,     29.5478
   1024,  923.33, 3917.67,  773.67,         1065,   -0.615984,     29.0346
   1024,  923.33, 3917.67,  773.67,         1062,   -1.343944,     29.0346
   1025,  894.00, 3928.00,  774.00,         1064,    7.904031,     29.2308
   1026,  942.00, 3930.00,  774.00,         1066,    1.348607,     29.8118
   1026,  942.00, 3930.00,  774.00,         1131,    2.325004,     29.8118
   1027,  916.00, 3958.00,  774.00,         1038,    0.330868,     29.9371
   1027,  916.00, 3958.00,  774.00,         1107,    0.584656,     29.9371
   1028,  907.00, 3961.67,  773.67,         1123,    2.075000,     29.8699
   1028,  907.00, 3961.67,  773.67,         1038,    0.363010,     29.8699
   1029,  942.50, 3962.50,  773.50,         1108,    2.202615,     30.1260
   1029,  942.50, 3962.50,  773.50,         1093,    3.658861,     30.1260
   1029,  942.50, 3962.50,  773.50,         1040,   -0.630788,     30.1260
   1030,  949.67, 3971.67,  773.67,         1058,    0.237814,     30.0691
   1030,  949.67, 3971.67,  773.67,         1108,    0.392266,     30.0691
   1031,  966.50, 3987.75,  772.75,         1099,    1.139468,     29.8245
   1032,  911.00, 3916.00,  775.00,         1129,    3.090751,     29.1798
   1033,  951.62, 3928.50,  773.88,         1066,    0.312131,     29.7824
   1033,  951.62, 3928.50,  773.88,         1086,    1.827739,     29.7824
   1033,  951.62, 3928.50,  773.88,         1087,   -0.321915,     29.7824
   1034,  887.00, 3942.00,  775.00,         1088,   -1.347734,     28.8473
   1034,  887.00, 3942.00,  775.00,         1068,    5.737635,     28.8473
   1035,  962.67, 3941.33,  774.67,         1070,   -0.897966,     29.8166
   1035,  962.67, 3941.33,  774.67,         1087,    0.203625,     29.8166
   1036,  973.00, 3952.00,  775.00,         1037,   -0.716111,     29.8058
   1036,  973.00, 3952.00,  775.00,         1121,   -0.701699,     29.8058
   1038,  911.33, 3957.67,  774.33,         1106,    0.693877,     29.8445
   1039,  893.00, 3958.00,  775.00,         1056,    4.139356,     29.7009
   1039,  893.00, 3958.00,  775.00,         1154,    2.121620,     29.7009
   1040,  940.00, 3959.00,  775.00,         1122,    4.640497,     30.1367
   1041,  880.00, 3960.00,  775.00,         1092,   -3.363046,     28.6829
   1041,  880.00, 3960.00,  775.00,         1180,    3.363046,     28.6829
   1042,  914.67, 3966.67,  774.67,         1124,    0.872994,     29.6978
   1042,  914.67, 3966.67,  774.67,         1107,   -0.098843,     29.6978
   1043,  950.00, 3981.00,  775.00,         1078,    3.367974,     29.9009
   1044,  921.00, 3982.00,  775.00,         1079,    0.525981,     29.9518
   1044,  921.00, 3982.00,  775.00,         1125,    0.254928,     29.9518
   1045,  887.00, 3984.00,  775.00,         1183,    3.128939,     29.2913
   1045,  887.00, 3984.00,  775.00,         1046,   -1.195646,     29.2913
   1046,  885.67, 3987.67,  775.00,         1047,   -1.195646,     29.5700
   1047,  888.00, 3990.00,  775.00,         1081,   -0.445610,     29.6165
   1048,  913.86, 3995.00,  773.00,         1112,    1.223722,     30.1923
   1048,  913.86, 3995.00,  773.00,         1145,    0.888129,     30.1923
   1049,  891.00, 4001.00,  775.00,         1101,   -0.195225,     29.5513
   1049,  891.00, 4001.00,  775.00,         1061,    0.498479,     29.5513
   1050,  925.33, 4001.17,  774.17,         1127,    1.226108,     30.2118
   1050,  925.33, 4001.17,  774.17,         1113,    2.214286,     30.2118
   1052,  938.50, 3915.00,  775.50,         1102,    0.460351,     29.5018
   1054,  958.50, 3936.00,  775.25,         1087,   -0.364485,     29.7765
   1055,  879.67, 3941.00,  775.67,         1104,    1.304059,     28.3128
   1056,  882.38, 3952.00,  774.38,         1120,    2.400490,     29.1045
   1056,  882.38, 3952.00,  774.38,         1092,    3.061690,     29.1045
   1057,  896.33, 3964.33,  776.00,         1094,   -0.532826,     29.7989
   1057,  896.33, 3964.33,  776.00,         1123,    0.811709,     29.7989
   1058,  960.00, 3968.00,  776.00,         1096,    1.389819,     29.9099
   1058,  960.00, 3968.00,  776.00,         1093,   -1.152001,     29.9099
   1059,  899.33, 3974.33,  775.67,         1094,    0.329394,     29.8562
   1059,  899.33, 3974.33,  775.67,         1080,    0.092186,     29.8562
   1059,  899.33, 3974.33,  775.67,         1095,    2.007806,     29.8562
   1060,  938.00, 3978.33,  775.67,         1098,   -0.048879,     29.9887
   1060,  938.00, 3978.33,  775.67,         1097,    0.712387,     29.9887
   1061,  893.00, 4005.00,  776.00,         1256,    1.113925,     29.4149
   1063,  897.67, 3913.67,  776.33,         1129,    0.966790,     28.8838
   1064,  895.33, 3928.00,  776.33,         1134,    7.552946,     29.1515
   1064,  895.33, 3928.00,  776.33,         1129,    0.351080,     29.1515
   1065,  923.00, 3928.00,  777.00,         1117,   -0.210596,     29.4340
   1066,  947.67, 3928.67,  776.33,         1130,    1.660736,     29.7802
   1067,  974.33, 3941.00,  776.00,         1162,    2.700828,     29.5826
   1067,  974.33, 3941.00,  776.00,         1119,   -0.464603,     29.5826
   1068,  884.00, 3942.00,  777.00,         1120,   -3.684486,     28.6034
   1068,  884.00, 3942.00,  777.00,         1104,    9.422121,     28.6034
   1069,  936.00, 3945.80,  776.40,         1174,    0.601280,     29.8732
   1069,  936.00, 3945.80,  776.40,         1105,    0.562072,     29.8732
   1069,  936.00, 3945.80,  776.40,         1091,   -0.265014,     29.8732
   1070,  964.00, 3947.00,  777.00,         1119,    0.825627,     29.8830
   1070,  964.00, 3947.00,  777.00,         1073,   -1.723592,     29.8830
   1071,  917.67, 3947.33,  776.67,         1106,    0.822767,     29.8765
   1071,  917.67, 3947.33,  776.67,         1105,    0.501197,     29.8765
   1072,  902.00, 3950.00,  777.00,         1090,    0.615484,     29.5672
   1072,  902.00, 3950.00,  777.00,         1137,    2.466728,     29.5672
   1073,  961.75, 3951.25,  776.00,         1121,    2.050734,     29.9146
   1073,  961.75, 3951.25,  776.00,         1093,   -0.837539,     29.9146
   1074,  923.67, 3965.33,  776.67,         1139,    0.131254,     29.5957
   1074,  923.67, 3965.33,  776.67,         1124,   -0.042267,     29.5957
   1075,  977.33, 3969.67,  777.00,         1109,    0.318893,     30.0655
   1076,  940.00, 3974.00,  777.00,         1097,    0.794538,     29.8772
   1076,  940.00, 3974.00,  777.00,         1108,   -0.022169,     29.8772
   1077,  972.00, 3974.00,  777.00,         1126,    1.942910,     30.1326
   1077,  972.00, 3974.00,  777.00,         1109,    0.481698,     30.1326
   1078,  952.00, 3980.00,  777.00,         1184,    1.792507,     29.7818
   1078,  952.00, 3980.00,  777.00,         1158,    1.575471,     29.7818
   1079,  919.00, 3981.00,  777.00,         1110,    0.909350,     29.8576
   1080,  904.50, 3982.00,  776.25,         1081,    1.292202,     29.8052
   1080,  904.50, 3982.00,  776.25,         1143,    1.796908,     29.8052
   1081,  897.25, 3986.83,  774.00,         1084,    0.046637,     29.6681
   1081,  897.25, 3986.83,  774.00,         1168,    0.755145,     29.6681
   1082,  932.67, 3987.33,  776.67,         1098,    0.105533,     30.0469
   1082,  932.67, 3987.33,  776.67,         1146,    2.353108,     30.0469
   1083,  951.00, 3993.00,  777.00,         1100,   -0.815834,     29.7176
   1083,  951.00, 3993.00,  777.00,         1111,    4.627127,     29.7176
   1084,  898.25, 3992.75,  776.00,         1159,    0.098504,     29.6505
   1084,  898.25, 3992.75,  776.00,         1101,    0.119540,     29.6505
   1085,  878.25, 3922.00,  777.00,         1132,    0.123742,     28.5876
   1085,  878.25, 3922.00,  777.00,         1199,   -0.123744,     28.5876
   1086,  962.00, 3924.00,  778.00,         1148,    0.987653,     29.5230
   1086,  962.00, 3924.00,  778.00,         1133,    0.840086,     29.5230
   1087,  956.00, 3935.00,  778.00,         1175,   -0.482781,     29.7931
   1088,  892.00, 3942.00,  778.00,         1089,   -0.698516,     28.9400
   1088,  892.00, 3942.00,  778.00,         1151,   -0.649217,     28.9400
   1089,  895.00, 3945.00,  778.00,         1152,    0.369803,     29.1169
   1089,  895.00, 3945.00,  778.00,         1090,   -1.068319,     29.1169
   1091,  934.00, 3949.00,  778.00,         1163,    0.308233,     29.9380
   1092,  880.00, 3955.00,  778.00,         1164,   -0.301353,     28.9142
   1093,  954.75, 3960.25,  776.75,         1215,    1.669321,     29.9503
   1094,  894.50, 3968.00,  776.67,         1263,    0.758709,     29.8251
   1095,  902.00, 3973.00,  778.00,         1291,    1.662545,     29.7666
   1095,  902.00, 3973.00,  778.00,         1140,    0.345260,     29.7666
   1096,  967.00, 3974.00,  778.00,         1126,    1.659615,     29.7553
   1096,  967.00, 3974.00,  778.00,         1141,   -0.269797,     29.7553
   1097,  937.00, 3976.00,  778.00,         1125,    1.506925,     29.8422
   1098,  939.33, 3981.67,  778.00,         1234,    0.616706,     29.9912
   1099,  966.00, 3990.00,  778.00,         1160,    1.338401,     29.4344
   1099,  966.00, 3990.00,  778.00,         1158,   -0.198933,     29.4344
   1100,  944.00, 3996.00,  778.00,         1147,    1.341173,     29.7915
   1101,  898.20, 3998.20,  776.40,         1185,    1.256785,     29.6428
   1101,  898.20, 3998.20,  776.40,         1169,    0.898528,     29.6428
   1102,  942.50, 3913.83,  778.67,         1213,    1.154979,     29.4734
   1102,  942.50, 3913.83,  778.67,         1170,    0.360497,     29.4734
   1102,  942.50, 3913.83,  778.67,         1130,   -1.055127,     29.4734
   1103,  975.00, 3923.00,  779.00,         1150,    0.451734,     29.4597
   1103,  975.00, 3923.00,  779.00,         1115,    0.070153,     29.4597
   1104,  881.50, 3941.00,  778.50,         1277,   -3.243556,     28.2609
   1104,  881.50, 3941.00,  778.50,         1136,   13.969735,     28.2609
   1105,  927.50, 3943.50,  778.50,         1176,    1.357228,     29.8131
   1106,  913.00, 3952.00,  779.00,         1205,    1.516645,     29.5325
   1107,  918.25, 3960.75,  778.25,         1193,    0.362112,     29.7437
   1107,  918.25, 3960.75,  778.25,         1138,    0.123701,     29.7437
   1108,  943.00, 3970.75,  778.25,         1292,    2.572714,     29.8784
   1109,  974.00, 3973.00,  779.00,         1141,    0.800590,     30.0463
   1110,  919.00, 3980.00,  779.00,         1251,    0.593961,     29.7362
   1110,  919.00, 3980.00,  779.00,         1157,    0.315387,     29.7362
   1111,  951.00, 3994.00,  779.00,         1236,    4.627137,     29.7018
   1112,  916.33, 4000.33,  778.67,         1186,    2.599232,     29.5959
   1112,  916.33, 4000.33,  778.67,         1127,   -1.375511,     29.5959
   1113,  926.50, 4007.50,  778.50,         1198,    2.214272,     30.1991
   1114,  942.00, 4007.00,  779.00,         1212,    0.443244,     29.7541
   1115,  975.67, 3919.33,  779.67,         1273,    1.101539,     29.4566
   1116,  909.00, 3923.00,  780.00,         1149,   -2.289211,     28.9568
   1116,  909.00, 3923.00,  780.00,         1129,    2.624765,     28.9568
   1116,  909.00, 3923.00,  780.00,         1173,   -0.335551,     28.9568
   1117,  926.00, 3931.00,  780.00,         1276,    0.553957,     29.4469
   1117,  926.00, 3931.00,  780.00,         1118,   -0.764552,     29.4469
   1118,  929.00, 3931.25,  779.00,         1176,   -1.086761,     29.5916
   1118,  929.00, 3931.25,  779.00,         1203,    0.403657,     29.5916
   1119,  966.33, 3944.67,  779.33,         1191,    0.361022,     29.8437
   1120,  885.33, 3948.67,  779.33,         1152,   -1.283994,     28.9158
   1121,  970.00, 3952.00,  779.00,         1153,    0.722599,     29.8472
   1121,  970.00, 3952.00,  779.00,         1179,    0.356168,     29.8472
   1121,  970.00, 3952.00,  779.00,         1192,    0.270266,     29.8472
   1122,  939.67, 3957.00,  779.67,         1163,    0.493622,     30.1006
   1122,  939.67, 3957.00,  779.67,         1245,    4.146867,     30.1006
   1123,  904.00, 3962.60,  779.00,         1155,    2.659265,     29.7184
   1123,  904.00, 3962.60,  779.00,         1156,    0.227446,     29.7184
   1124,  920.00, 3970.00,  780.00,         1217,    0.830728,     29.6129
   1125,  932.00, 3976.00,  780.00,         1206,    1.761850,     29.7465
   1126,  969.67, 3976.00,  779.33,         1182,    3.602523,     29.6851
   1127,  921.20, 3997.80,  779.00,         1220,   -0.149405,     29.6850
   1128,  904.00, 3909.00,  781.00,         1188,  -12.410957,     27.7174
   1129,  903.38, 3917.85,  777.62,         1188,    9.438278,     28.8787
   1130,  950.00, 3922.00,  781.00,         1226,    0.605608,     29.6144
   1131,  935.00, 3925.00,  781.00,         1241,    2.325008,     29.5077
   1132,  880.33, 3926.33,  780.33,         1202,    0.588226,     28.5791
   1133,  966.00, 3926.00,  781.00,         1172,    0.339855,     29.4696
   1133,  966.00, 3926.00,  781.00,         1262,    0.500232,     29.4696
   1134,  895.00, 3929.00,  781.00,         1151,    1.130836,     29.0963
   1134,  895.00, 3929.00,  781.00,         1201,    6.422108,     29.0963
   1135,  914.50, 3938.00,  780.50,         1244,    0.090601,     29.5680
   1135,  914.50, 3938.00,  780.50,         1276,    0.607495,     29.5680
   1137,  903.00, 3952.00,  781.00,         1154,   -1.949036,     29.4339
   1137,  903.00, 3952.00,  781.00,         1178,    4.415762,     29.4339
   1138,  921.00, 3956.00,  781.00,         1316,    0.632660,     29.6984
   1139,  926.00, 3964.00,  780.25,         1166,   -0.088208,     29.5606
   1139,  926.00, 3964.00,  780.25,         1246,    0.219460,     29.5606
   1140,  908.67, 3971.67,  780.33,         1233,    0.384016,     29.6185
   1140,  908.67, 3971.67,  780.33,         1156,   -0.038754,     29.6185
   1141,  971.00, 3971.00,  781.00,         1249,    0.530793,     29.8492
   1142,  879.00, 3978.00,  781.00,         1181,  -10.246266,     27.3669
   1143,  905.00, 3986.00,  781.00,         1159,    1.568203,     29.6732
   1143,  905.00, 3986.00,  781.00,         1144,    0.228703,     29.6732
   1144,  911.00, 3986.00,  781.00,         1157,    0.411769,     29.6570
   1144,  911.00, 3986.00,  781.00,         1145,   -0.183065,     29.6570
   1145,  913.00, 3991.00,  781.00,         1253,    0.705064,     29.7159
   1146,  932.00, 3994.00,  781.00,         1220,    1.499436,     29.8254
   1146,  932.00, 3994.00,  781.00,         1161,    0.853670,     29.8254
   1147,  941.00, 3996.00,  781.00,         1209,    1.442473,     29.7244
   1147,  941.00, 3996.00,  781.00,         1161,   -0.101299,     29.7244
   1148,  956.00, 3918.75,  781.50,         1213,    1.678842,     29.4216
   1148,  956.00, 3918.75,  781.50,         1260,    0.825389,     29.4216
   1149,  911.00, 3924.00,  782.00,         1225,   -0.517458,     28.9825
   1150,  977.62, 3928.88,  780.00,         1172,    1.579985,     29.4250
   1151,  898.00, 3933.00,  782.00,         1173,    0.481622,     29.0283
   1152,  891.36, 3947.45,  780.09,         1177,   -0.914190,     29.0097
   1153,  972.00, 3951.00,  782.00,         1179,    0.722603,     29.8371
   1154,  897.75, 3954.50,  781.75,         1230,    0.566778,     29.4766
   1154,  897.75, 3954.50,  781.75,         1165,   -0.394189,     29.4766
   1155,  904.00, 3961.00,  782.00,         1331,    1.730181,     29.6847
   1155,  904.00, 3961.00,  782.00,         1165,    0.929086,     29.6847
   1156,  909.67, 3966.33,  781.33,         1248,    0.188692,     29.6210
   1157,  914.33, 3981.33,  782.00,         1233,    0.727156,     29.6288
   1158,  965.00, 3984.20,  781.40,         1167,    0.561897,     29.5152
   1158,  965.00, 3984.20,  781.40,         1208,    0.814641,     29.5152
   1159,  902.75, 3989.00,  781.50,         1169,    0.658420,     29.6033
   1159,  902.75, 3989.00,  781.50,         1168,    0.841680,     29.6033
   1159,  902.75, 3989.00,  781.50,         1304,    0.166610,     29.6033
   1160,  965.00, 3994.00,  782.00,         1195,    3.441412,     29.3438
   1161,  936.00, 3999.00,  782.00,         1238,    0.752372,     29.7602
   1162,  977.33, 3945.67,  782.33,         1318,    2.700827,     29.3144
   1163,  933.67, 3951.33,  782.67,         1176,    0.801856,     29.8418
   1164,  879.50, 3955.00,  782.50,         1214,   -0.301353,     28.9303
   1165,  904.00, 3959.00,  783.00,         1205,    0.534895,     29.6602
   1166,  923.33, 3963.00,  782.67,         1193,   -0.088207,     29.5803
   1167,  968.00, 3984.00,  783.00,         1182,   -0.051233,     29.4009
   1167,  968.00, 3984.00,  783.00,         1207,    0.613131,     29.4009
   1168,  896.33, 3988.00,  782.67,         1194,    1.596825,     29.2717
   1169,  904.00, 3996.00,  783.00,         1254,    1.556947,     29.5468
   1170,  937.00, 3908.25,  783.75,         1171,    0.360498,     29.2724
   1171,  934.00, 3911.00,  784.00,         1222,    0.360498,     29.1846
   1172,  973.00, 3928.00,  784.00,         1297,    1.919841,     29.3099
   1173,  901.00, 3932.00,  784.00,         1227,    0.146073,     29.0070
   1174,  943.80, 3939.20,  783.00,         1175,   -0.131028,     29.7869
   1174,  943.80, 3939.20,  783.00,         1299,    0.656006,     29.7869
   1174,  943.80, 3939.20,  783.00,         1204,    0.076303,     29.7869
   1175,  956.25, 3939.75,  783.50,         1245,   -2.556018,     29.8062
   1175,  956.25, 3939.75,  783.50,         1191,    1.942211,     29.8062
   1176,  928.40, 3943.00,  782.40,         1190,    0.227781,     29.7486
   1176,  928.40, 3943.00,  782.40,         1316,    0.844540,     29.7486
   1177,  891.00, 3950.00,  784.00,         1317,   -0.795008,     29.0602
   1177,  891.00, 3950.00,  784.00,         1214,   -0.119183,     29.0602
   1178,  906.00, 3951.00,  784.00,         1205,   -3.516728,     29.3621
   1178,  906.00, 3951.00,  784.00,         1229,    7.932500,     29.3621
   1179,  970.75, 3951.25,  783.75,         1192,    1.078770,     29.7437
   1180,  881.00, 3967.50,  783.50,         1216,    0.990547,     28.2316
   1180,  881.00, 3967.50,  783.50,         1232,    2.372497,     28.2316
   1181,  880.33, 3975.33,  783.33,         1232,   -9.007070,     27.8246
   1181,  880.33, 3975.33,  783.33,         1279,   -1.239193,     27.8246
   1182,  974.00, 3978.20,  783.00,         1282,    3.551289,     29.4264
   1183,  889.00, 3981.50,  783.50,         1235,    3.697368,     28.9562
   1183,  889.00, 3981.50,  783.50,         1218,   -0.568429,     28.9562
   1184,  949.00, 3983.00,  784.00,         1292,    2.418031,     29.6088
   1184,  949.00, 3983.00,  784.00,         1236,   -0.625523,     29.6088
   1185,  891.00, 3997.00,  784.00,         1196,    4.362084,     28.8522
   1185,  891.00, 3997.00,  784.00,         1210,   -3.105297,     28.8522
   1186,  914.33, 4005.67,  783.67,         1237,    2.599233,     29.3634
   1187,  922.50, 3910.50,  784.50,         1223,    0.646385,     29.0200
   1187,  922.50, 3910.50,  784.50,         1222,   -0.360499,     29.0200
   1187,  922.50, 3910.50,  784.50,         1189,   -0.285889,     29.0200
   1188,  905.00, 3914.25,  784.00,         1274,   -1.809569,     28.6143
   1188,  905.00, 3914.25,  784.00,         1224,   -1.163109,     28.6143
   1189,  925.00, 3919.00,  785.00,         1276,   -0.285884,     29.0294
   1190,  931.33, 3940.67,  784.33,         1204,   -0.212129,     29.7373
   1190,  931.33, 3940.67,  784.33,         1241,    0.439909,     29.7373
   1191,  962.50, 3939.50,  785.00,         1228,    1.565505,     29.6589
   1191,  962.50, 3939.50,  785.00,         1262,    0.737729,     29.6589
   1192,  972.29, 3957.43,  784.43,         1215,    1.349035,     29.7179
   1193,  921.00, 3962.00,  785.00,         1248,    0.273905,     29.5839
   1194,  894.00, 3989.00,  785.00,         1218,   -1.413974,     29.2068
   1194,  894.00, 3989.00,  785.00,         1210,    3.010798,     29.2068
   1195,  964.33, 3996.33,  784.33,         1221,    3.910316,     29.2072
   1195,  964.33, 3996.33,  784.33,         1197,   -0.468902,     29.2072
   1196,  885.00, 4002.00,  785.00,         1294,    5.539430,     28.4472
   1196,  885.00, 4002.00,  785.00,         1256,   -1.177347,     28.4472
   1197,  964.67, 4003.67,  784.67,         1211,   -0.468901,     29.2479
   1198,  926.00, 4006.00,  785.00,         1270,    2.214274,     30.0245
   1199,  890.33, 3913.33,  785.67,         1239,    0.156627,     28.7147
   1200,  940.00, 3919.00,  786.00,         1240,   -0.041660,     29.3113
   1200,  940.00, 3919.00,  786.00,         1275,    0.041661,     29.3113
   1201,  894.00, 3924.00,  786.00,         1339,    5.415623,     28.9252
   1201,  894.00, 3924.00,  786.00,         1323,    1.006484,     28.9252
   1202,  878.00, 3931.00,  786.00,         1277,    0.588227,     28.5256
   1203,  931.33, 3933.00,  785.67,         1261,    0.669146,     29.4163
   1203,  931.33, 3933.00,  785.67,         1241,   -0.265486,     29.4163
   1204,  937.00, 3941.00,  786.00,         1245,   -0.135828,     29.7521
   1205,  908.50, 3952.50,  784.75,         1319,    0.705349,     29.4016
   1205,  908.50, 3952.50,  784.75,         1248,   -0.602733,     29.4016
   1205,  908.50, 3952.50,  784.75,         1244,   -1.567808,     29.4016
   1206,  929.67, 3974.33,  785.67,         1217,    0.704528,     29.6145
   1206,  929.67, 3974.33,  785.67,         1264,    1.057321,     29.6145
   1207,  970.00, 3986.00,  786.00,         1219,    0.613130,     29.3711
   1208,  961.00, 3987.00,  786.00,         1266,   -0.354767,     29.1889
   1208,  961.00, 3987.00,  786.00,         1219,    1.169407,     29.1889
   1209,  942.00, 3991.00,  786.00,         1236,    0.227356,     29.6860
   1209,  942.00, 3991.00,  786.00,         1268,    1.215118,     29.6860
   1210,  891.00, 3996.00,  786.00,         1252,   -0.094498,     28.9341
   1211,  960.50, 4006.50,  785.50,         1255,   -0.468901,     29.3908
   1212,  950.00, 4007.00,  786.00,         1255,    1.058211,     29.6985
   1213,  952.60, 3916.20,  785.80,         1259,   -0.064957,     29.3019
   1213,  952.60, 3916.20,  785.80,         1258,    2.898765,     29.3019
   1214,  888.00, 3953.75,  786.00,         1230,   -0.413949,     29.0972
   1214,  888.00, 3953.75,  786.00,         1350,   -0.006586,     29.0972
   1215,  968.00, 3961.00,  787.00,         1247,    3.018354,     29.6202
   1216,  883.00, 3964.00,  787.00,         1301,    1.182521,     28.1693
   1216,  883.00, 3964.00,  787.00,         1352,   -0.191974,     28.1693
   1217,  920.50, 3974.00,  786.50,         1333,    1.813184,     29.5380
   1217,  920.50, 3974.00,  786.50,         1231,   -0.277926,     29.5380
   1218,  895.00, 3987.00,  787.00,         1334,   -1.982402,     29.2568
   1219,  965.00, 3991.00,  787.00,         1221,    1.782538,     29.1097
   1220,  928.00, 3992.00,  786.12,         1268,    1.391434,     29.7051
   1220,  928.00, 3992.00,  786.12,         1270,   -0.170057,     29.7051
   1220,  928.00, 3992.00,  786.12,         1267,    0.128660,     29.7051
   1221,  964.00, 3994.00,  787.00,         1305,    5.692850,     29.0432
   1223,  918.00, 3909.00,  788.00,         1286,    0.646386,     28.9750
   1224,  902.33, 3916.67,  787.67,         1323,   -1.006484,     28.6848
   1224,  902.33, 3916.67,  787.67,         1257,   -0.156628,     28.6848
   1225,  913.00, 3925.00,  788.00,         1276,   -1.680645,     28.9948
   1225,  913.00, 3925.00,  788.00,         1274,    1.163185,     28.9948
   1226,  952.50, 3925.00,  787.50,         1240,   -0.038236,     29.3402
   1226,  952.50, 3925.00,  787.50,         1259,    0.238477,     29.3402
   1226,  952.50, 3925.00,  787.50,         1260,    0.405366,     29.3402
   1227,  904.00, 3935.00,  788.00,         1242,    0.370670,     28.9970
   1227,  904.00, 3935.00,  788.00,         1276,   -0.224599,     28.9970
   1228,  965.00, 3941.00,  788.00,         1300,   -1.455014,     29.5816
   1228,  965.00, 3941.00,  788.00,         1243,    3.020520,     29.5816
   1229,  902.50, 3944.00,  787.00,         1287,   -0.187501,     29.1141
   1229,  902.50, 3944.00,  787.00,         1242,    8.119981,     29.1141
   1230,  892.71, 3956.86,  786.14,         1326,    0.152828,     29.2368
   1231,  918.00, 3974.00,  788.00,         1233,   -0.444535,     29.5475
   1231,  918.00, 3974.00,  788.00,         1320,    0.166612,     29.5475
   1232,  878.00, 3975.60,  787.00,         1281,   -6.634578,     27.9709
   1233,  913.50, 3976.88,  785.88,         1284,    0.524568,     29.5777
   1233,  913.50, 3976.88,  785.88,         1302,    0.142067,     29.5777
   1234,  938.00, 3982.00,  788.00,         1250,    1.979177,     29.6195
   1234,  938.00, 3982.00,  788.00,         1268,   -1.362466,     29.6195
   1235,  885.33, 3983.33,  787.67,         1252,   -0.357888,     28.7013
   1235,  885.33, 3983.33,  787.67,         1303,    4.055256,     28.7013
   1236,  947.60, 3990.80,  786.80,         1269,    4.228965,     29.6708
   1237,  911.67, 4001.67,  787.33,         1330,    3.770652,     29.1781
   1237,  911.67, 4001.67,  787.33,         1254,   -1.171418,     29.1781
   1239,  894.00, 3911.00,  789.00,         1257,    0.156629,     28.7046
   1240,  949.00, 3927.00,  789.00,         1299,   -0.079896,     29.3422
   1241,  934.80, 3930.20,  788.00,         1314,    1.775532,     29.4320
   1241,  934.80, 3930.20,  788.00,         1299,    0.723892,     29.4320
   1242,  901.00, 3940.00,  789.00,         1315,    8.490660,     28.9711
   1243,  970.67, 3940.67,  789.00,         1318,    3.020520,     29.3763
   1244,  913.00, 3947.00,  789.00,         1316,   -1.477200,     29.5547
   1245,  947.75, 3947.00,  789.00,         1300,    1.455013,     29.8548
   1246,  933.00, 3962.00,  789.00,         1290,    0.014053,     29.5513
   1246,  933.00, 3962.00,  789.00,         1278,    0.205408,     29.5513
   1247,  970.00, 3963.00,  789.00,         1249,    0.836522,     29.5812
   1247,  970.00, 3963.00,  789.00,         1288,    2.181829,     29.5812
   1248,  917.20, 3963.20,  788.00,         1320,    0.065271,     29.5023
   1248,  917.20, 3963.20,  788.00,         1289,   -0.205408,     29.5023
   1249,  964.67, 3967.33,  788.67,         1280,    1.367313,     29.5133
   1250,  938.00, 3978.00,  789.00,         1292,    1.594200,     29.5891
   1250,  938.00, 3978.00,  789.00,         1264,    0.384969,     29.5891
   1251,  922.33, 3986.00,  788.67,         1267,   -0.128662,     29.6531
   1251,  922.33, 3986.00,  788.67,         1285,    0.722624,     29.6531
   1252,  888.00, 3995.00,  789.00,         1293,   -0.452385,     28.9587
   1253,  915.25, 3994.25,  788.75,         1270,   -1.182912,     29.6436
   1253,  915.25, 3994.25,  788.75,         1285,    0.092848,     29.6436
   1253,  915.25, 3994.25,  788.75,         1254,    1.795126,     29.6436
   1254,  909.50, 3998.00,  789.00,         1335,    2.180651,     29.4982
   1255,  956.00, 4002.00,  789.00,         1357,    0.589309,     29.5941
   1256,  892.67, 4005.00,  788.67,         1361,   -0.063421,     28.5723
   1257,  898.12, 3912.12,  789.38,         1347,    0.000000,     28.6967
   1257,  898.12, 3912.12,  789.38,         1346,    0.000000,     28.6967
   1258,  956.67, 3915.33,  789.33,         1259,   -0.078605,     29.2902
   1258,  956.67, 3915.33,  789.33,         1272,    2.977375,     29.2902
   1259,  951.60, 3921.80,  789.80,         1311,    0.094914,     29.3289
   1260,  957.67, 3926.67,  789.17,         1365,   -0.119145,     29.3131
   1260,  957.67, 3926.67,  789.17,         1312,    0.940369,     29.3131
   1260,  957.67, 3926.67,  789.17,         1262,    0.409531,     29.3131
   1261,  928.00, 3929.00,  790.00,         1276,    1.029679,     29.1457
   1261,  928.00, 3929.00,  790.00,         1314,   -0.360534,     29.1457
   1262,  962.50, 3929.50,  789.50,         1298,    1.647491,     29.1759
   1263,  895.33, 3965.33,  789.67,         1326,    1.171998,     29.2228
   1263,  895.33, 3965.33,  789.67,         1279,   -0.413290,     29.2228
   1264,  936.50, 3974.50,  789.50,         1290,    1.442290,     29.5836
   1265,  961.33, 3974.67,  789.67,         1283,    0.758022,     29.2725
   1265,  961.33, 3974.67,  789.67,         1282,    1.336543,     29.2725
   1265,  961.33, 3974.67,  789.67,         1280,   -2.094561,     29.2725
   1266,  959.00, 3985.67,  789.67,         1283,   -1.922811,     29.2073
   1266,  959.00, 3985.67,  789.67,         1322,    1.568043,     29.2073
   1268,  936.50, 3988.50,  789.50,         1356,    1.244079,     29.6543
   1269,  951.00, 3992.00,  790.00,         1329,    1.197020,     29.4304
   1269,  951.00, 3992.00,  790.00,         1322,    3.031946,     29.4304
   1270,  920.33, 3997.00,  789.33,         1358,    0.861305,     29.7246
   1271,  881.67, 3908.33,  790.33,         1307,   -5.415621,     27.8109
   1272,  959.00, 3914.00,  791.00,         1296,   -0.185248,     29.2551
   1272,  959.00, 3914.00,  791.00,         1273,    3.162626,     29.2551
   1273,  961.00, 3916.50,  790.50,         1312,    4.264169,     29.2169
   1274,  915.00, 3918.00,  791.00,         1286,   -0.646384,     28.8868
   1275,  937.00, 3920.00,  791.00,         1314,   -0.048677,     29.2966
   1275,  937.00, 3920.00,  791.00,         1310,    0.090335,     29.2966
   1277,  888.50, 3936.50,  790.50,         1315,   -8.490652,     28.4377
   1277,  888.50, 3936.50,  790.50,         1378,    5.835321,     28.4377
   1278,  931.00, 3960.00,  791.00,         1289,    0.205409,     29.5429
   1279,  899.60, 3970.00,  789.80,         1291,   -1.652484,     29.3789
   1280,  959.00, 3970.00,  791.00,         1341,   -0.727245,     29.4056
   1281,  879.00, 3976.33,  790.67,         1352,   -1.860417,     28.0667
   1281,  879.00, 3976.33,  790.67,         1303,   -4.774154,     28.0667
   1282,  972.67, 3976.33,  790.67,         1328,    4.887833,     29.0913
   1283,  958.00, 3979.00,  791.00,         1292,   -1.164790,     29.2566
   1284,  909.00, 3981.00,  791.00,         1321,    0.472978,     29.5284
   1284,  909.00, 3981.00,  791.00,         1291,    0.051591,     29.5284
   1285,  919.00, 3988.00,  791.00,         1374,    0.815470,     29.6409
   1287,  900.12, 3945.88,  790.75,         1317,   -0.187475,     29.1147
   1288,  972.33, 3964.33,  791.33,         1332,    2.181830,     29.4897
   1290,  939.00, 3968.00,  792.00,         1368,    1.456343,     29.5438
   1291,  903.25, 3975.00,  791.25,         1327,    0.061651,     29.5028
   1292,  948.50, 3979.33,  790.83,         1371,    5.420161,     29.3872
   1293,  889.00, 3997.33,  791.67,         1373,   -0.452385,     29.0581
   1295,  954.00, 3909.00,  793.00,         1308,   -0.185251,     29.2604
   1295,  954.00, 3909.00,  793.00,         1296,    0.185246,     29.2604
   1297,  971.00, 3926.00,  793.00,         1324,    8.771864,     28.2287
   1297,  971.00, 3926.00,  793.00,         1298,   -6.852027,     28.2287
   1298,  969.00, 3927.00,  793.00,         1312,   -5.204538,     28.4093
   1299,  943.50, 3932.17,  791.67,         1349,    1.180855,     29.3497
   1299,  943.50, 3932.17,  791.67,         1348,    0.119145,     29.3497
   1302,  910.00, 3972.00,  793.00,         1327,   -0.061649,     29.4986
   1302,  910.00, 3972.00,  793.00,         1320,    0.203719,     29.4986
   1303,  881.00, 3980.00,  793.00,         1353,   -0.718901,     28.3362
   1304,  906.00, 3986.00,  793.00,         1321,   -0.150935,     29.4807
   1304,  906.00, 3986.00,  793.00,         1372,    0.317545,     29.4807
   1305,  971.80, 4001.00,  792.00,         1359,   -0.537599,     28.2637
   1305,  971.80, 4001.00,  792.00,         1338,    6.230452,     28.2637
   1306,  951.00, 4007.00,  793.00,         1337,   -1.745855,     28.6693
   1307,  882.00, 3909.00,  794.00,         1339,   -5.415622,     28.0499
   1308,  950.00, 3910.00,  794.00,         1309,   -0.185254,     29.2697
   1309,  945.67, 3914.67,  793.67,         1311,   -0.094915,     29.2837
   1309,  945.67, 3914.67,  793.67,         1310,   -0.090336,     29.2837
   1313,  975.00, 3923.00,  794.00,         1324,   -8.771868,     27.7788
   1314,  934.00, 3926.00,  792.60,         1364,    1.366325,     29.3005
   1317,  898.00, 3949.50,  793.50,         1325,   -0.982484,     29.1709
   1318,  976.75, 3950.75,  793.25,         1379,    5.721348,     28.9305
   1319,  904.67, 3955.67,  793.67,         1331,   -0.379848,     29.3167
   1319,  904.67, 3955.67,  793.67,         1325,    1.085198,     29.3167
   1320,  914.60, 3971.80,  791.40,         1354,    0.435602,     29.4949
   1321,  907.33, 3983.33,  793.33,         1380,    0.322046,     29.5078
   1322,  958.33, 3988.67,  793.67,         1343,    5.189294,     29.1140
   1322,  958.33, 3988.67,  793.67,         1357,   -0.589308,     29.1140
   1325,  897.00, 3952.00,  795.00,         1340,    0.102714,     29.2066
   1326,  894.40, 3962.40,  794.40,         1342,    2.771292,     29.1448
   1326,  894.40, 3962.40,  794.40,         1350,   -0.096132,     29.1448
   1326,  894.40, 3962.40,  794.40,         1351,   -1.350331,     29.1448
   1328,  973.20, 3975.20,  794.00,         1332,   -2.910926,     29.0263
   1328,  973.20, 3975.20,  794.00,         1370,    7.798762,     29.0263
   1329,  945.00, 3998.00,  795.00,         1336,    1.745853,     29.2914
   1329,  945.00, 3998.00,  795.00,         1356,   -0.548834,     29.2914
   1330,  915.67, 4004.33,  794.67,         1345,    6.142667,     28.7883
   1330,  915.67, 4004.33,  794.67,         1360,   -2.372016,     28.7883
   1331,  905.00, 3958.00,  796.00,         1367,    1.350331,     29.3918
   1332,  971.67, 3965.33,  795.67,         1369,   -0.729097,     29.3740
   1333,  920.00, 3978.00,  796.00,         1355,    2.570829,     29.3173
   1333,  920.00, 3978.00,  796.00,         1354,   -0.757646,     29.3173
   1334,  897.50, 3989.33,  795.33,         1373,    0.452385,     29.3234
   1334,  897.50, 3989.33,  795.33,         1372,   -0.317545,     29.3234
   1334,  897.50, 3989.33,  795.33,         1375,   -2.117240,     29.3234
   1335,  901.33, 3997.33,  795.33,         1375,    2.117235,     29.4139
   1335,  901.33, 3997.33,  795.33,         1361,    0.063420,     29.4139
   1336,  946.00, 4002.00,  796.00,         1337,    1.745854,     29.2040
   1338,  972.75, 4005.75,  795.00,         1376,    6.230454,     28.1312
   1340,  895.00, 3952.00,  797.00,         1366,    0.102719,     29.2055
   1341,  955.50, 3966.50,  795.33,         1369,    0.729094,     29.4234
   1341,  955.50, 3966.50,  795.33,         1368,   -1.456344,     29.4234
   1342,  886.00, 3971.00,  797.00,         1353,    0.718901,     28.7428
   1342,  886.00, 3971.00,  797.00,         1352,    2.052391,     28.7428
   1343,  964.00, 3987.00,  797.00,         1382,    4.651697,     28.6989
   1343,  964.00, 3987.00,  797.00,         1359,    0.537599,     28.6989
   1344,  923.00, 4000.00,  797.00,         1383,   -0.483960,     29.0371
   1344,  923.00, 4000.00,  797.00,         1358,   -1.192815,     29.0371
   1344,  923.00, 4000.00,  797.00,         1360,    1.676773,     29.0371
   1346,  904.80, 3908.80,  797.00,         1362,    0.000000,     28.6967
   1347,  898.67, 3913.67,  797.67,         1362,   -0.000000,     28.6967
   1348,  948.00, 3927.00,  798.00,         1365,    0.119144,     29.3366
   1350,  891.00, 3959.00,  797.00,         1366,   -0.102718,     29.1761
   1351,  896.67, 3960.67,  797.67,         1367,   -1.350332,     29.2138
   1354,  918.00, 3978.00,  798.00,         1380,   -0.322043,     29.4452
   1356,  939.00, 3993.08,  794.75,         1384,    0.695245,     29.5457
   1358,  922.25, 3996.75,  797.75,         1383,    0.483960,     29.2805
   1358,  922.25, 3996.75,  797.75,         1374,   -0.815470,     29.2805
   1360,  921.67, 4002.67,  797.33,         1384,   -0.695244,     28.9777
   1363,  926.00, 3915.00,  799.00,         1377,   -1.366325,     28.5730
   1364,  931.60, 3927.20,  798.20,         1377,    1.366323,     29.2005
   1381,  963.00, 3982.00,  799.50,         1382,   -4.651693,     28.3232
